Trajectory	0	17	25	44	66	75	90	genotype	Population	Position	Class	Gene	Mutation
1	0	0.0	0.261	1.0	1.0	1.0	1.0	genotype-1	B2	38102	SNP	Gene1	C>T
16	0	0.0	0.0	0.0	0.209	0.209	0.0	genotype-2	B2	299332	SNP	Gene16	C>T
14	0	0.38	0.432	0.0	0.0	0.0	0.0	genotype-3	B2	299332	SNP	Gene14	C>T
6	0	0.0	0.0	0.0	0.0	1.0	1.0	genotype-4	B2	156783	SNP	Gene6	C>G
10	0	0.0	0.117	0.0	0.0	0.0	0.103	genotype-5	B2	262747	SNP	Gene10	T>C
7	0	0.0	0.0	0.273	0.781	1.0	1.0	genotype-6	B2	176231	SNP	Gene7	T>A
4	0	0.0	0.0	0.0	0.211	0.811	0.813	genotype-7	B2	96585	SNP	Gene4	T>G
8	0	0.0	0.0	0.0	0.345	0.833	0.793	genotype-7	B2	205211	SNP	Gene8	C>T
2	0	0.0	0.0	0.525	0.454	0.911	0.91	genotype-8	B2	62997	SNP	Gene2	T>G
3	0	0.0	0.0	0.147	0.45	0.924	0.887	genotype-8	B2	78671	SNP	Gene3	A>C
11	0	0.0	0.0	0.108	0.151	0.0	0.0	genotype-9	B2	264821	SNP	Gene11	C>T
13	0	0.0	0.0	0.0	0.258	0.057	0.075	genotype-9	B2	299331	SNP	Gene13	G>A
20	0	0.0	0.0	0.138	0.295	0.0	0.081	genotype-9	B2	299332	SNP	Gene20	C>T
