Trajectory	0	17	25	44	66	75	90	genotype	Population	Population.1	Chromosome	Position	Class	Mutation	Gene	Amino Acid	Class.1	Amino	Nearest Downstream Gene	Distance
1	0.0	0.0	0.261	1.0	1.0	1.0	1.0	genotype-1	B2	1	1	38102	SNP	C>T	Gene1					
8	0.0	0.0	0.0	0.0	0.345	0.833	0.793	genotype-10	B2	1	1	205211	SNP	C>T	Gene8					
4	0.0	0.0	0.0	0.0	0.211	0.811	0.813	genotype-10	B2	1	1	96585	SNP	T>G	Gene4					
5	0.0	0.0	0.0	0.403	0.489	0.057	0.08	genotype-11	B2	1	1	115010	SNP	G>T	Gene5					
6	0.0	0.0	0.0	0.0	0.0	1.0	1.0	genotype-12	B2	1	1	156783	SNP	C>G	Gene6					
7	0.0	0.0	0.0	0.273	0.781	1.0	1.0	genotype-13	B2	1	1	176231	SNP	T>A	Gene7					
10	0.0	0.0	0.117	0.0	0.0	0.0	0.103	genotype-2	B2	1	1	262747	SNP	T>C	Gene10					
11	0.0	0.0	0.0	0.108	0.151	0.0	0.0	genotype-3	B2	1	1	264821	SNP	C>T	Gene11					
15	0.0	0.0	0.066	0.104	0.062	0.0	0.0	genotype-3	B2	1	1	299332	SNP	C>T	Gene15					
20	0.0	0.0	0.0	0.138	0.295	0.0	0.081	genotype-4	B2	1	1	299332	SNP	C>T	Gene20					
13	0.0	0.0	0.0	0.0	0.258	0.057	0.075	genotype-4	B2	1	1	299331	SNP	G>A	Gene13					
14	0.0	0.38	0.432	0.0	0.0	0.0	0.0	genotype-5	B2	1	1	299332	SNP	C>T	Gene14					
16	0.0	0.0	0.0	0.0	0.209	0.209	0.0	genotype-6	B2	1	1	299332	SNP	C>T	Gene16					
9	0.0	0.0	0.0	0.0	0.0	0.269	0.34	genotype-7	B2	1	1	223199	SNP	C>G	Gene9					
17	0.0	0.0	0.0	0.0	0.0	0.266	0.312	genotype-7	B2	1	1	299332	SNP	C>T	Gene17					
18	0.0	0.0	0.0	0.115	0.0	0.131	0.0	genotype-8	B2	1	1	299332	SNP	C>T	Gene18					
21	0.0	0.0	0.0	0.114	0.0	0.11	0.123	genotype-8	B2	1	1	299332	SNP	C>T	Gene21					
2	0.0	0.0	0.0	0.525	0.454	0.911	0.91	genotype-9	B2	1	1	62997	SNP	T>G	Gene2					
3	0.0	0.0	0.0	0.147	0.45	0.924	0.887	genotype-9	B2	1	1	78671	SNP	A>C	Gene3					
