"","X0","X17","X44","X66","X90","count","Sums","position","Mutation"
"*158G(TGA>GGA)::PA14_RS23855>::Lrp/AsnC family transcriptional regulator;;5210865;;T>G",0,21,0,16.6,17.4,3,55,"5210865","T>G"
"*162L(TGA>TTA)::PA14_RS10200<::cell division inhibitor SulA;;2200344;;C>A",0,0,7.8,10.5,5.9,3,24.2,"2200344","C>A"
"*342C(TGA>TGC)::PA14_RS07955>::Glu/Leu/Phe/Val dehydrogenase;;1714525;;A>C",0,8.2,6.7,0,7.5,3,22.4,"1714525","A>C"
"*92C(TGA>TGC)::PA14_RS00345>::hypothetical protein;;78671;;A>C",0,16.1,13.3,0,10.9,3,40.3,"78671","A>C"
"A13A(GCT>GCG)::PA14_RS19515>::aldehyde dehydrogenase (NADP(+));;4272355;;T>G",0,20.9,19.8,22.4,17.1,4,80.2,"4272355","T>G"
"A143P(GCC>CCC)::PA14_RS05535>::NarK/NasA family nitrate transporter;;1181243;;G>C",0,14.2,14,15.5,13.6,4,57.3,"1181243","G>C"
"A16P(GCC>CCC)::PA14_RS19515>::aldehyde dehydrogenase (NADP(+));;4272362;;G>C",0,0,10,9.7,9.9,3,29.6,"4272362","G>C"
"A175D(GCC>GAC)::PA14_RS24055>::DUF2786 domain‑containing protein;;5255031;;C>A",0,0,8.6,0,9,2,17.6,"5255031","C>A"
"A190A(GCT>GCG)::PA14_RS29125>::sarcosine oxidase subunit alpha;;6370517;;T>G",0,17.5,12.2,0,8.2,3,37.9,"6370517","T>G"
"A212G(GCC>GGC)::PA14_RS18320>::transporter;;4019754;;C>G",0,7.7,0,8.7,0,2,16.4,"4019754","C>G"
"A214A(GCT>GCG)::PA14_RS20785<::ciscis‑muconate transporter MucK;;4545281;;A>C",0,7.3,6.9,8.9,0,3,23.1,"4545281","A>C"
"A271A(GCA>GCC)::PA14_RS21625>::oxidoreductase;;4707976;;A>C",0,14.2,10.8,12.5,12.1,4,49.6,"4707976","A>C"
"A27P(GCC>CCC)::PA14_RS09390<::YciK family oxidoreductase;;2010328;;C>G",0,5.9,5,0,0,2,10.9,"2010328","C>G"
"A292P(GCC>CCC)::PA14_RS00995>::pyridine nucleotide transhydrogenase subunit beta;;223212;;G>C",0,13.1,13.6,11.7,12.4,4,50.8,"223212","G>C"
"A32P(GCC>CCC)::PA14_RS28970<::3‑keto‑5‑aminohexanoate cleavage protein;;6338608;;C>G",0,0,0,7.4,6.4,2,13.8,"6338608","C>G"
"A457S(GCC>TCC)::PA14_RS24030>::hypothetical protein;;5248322;;G>T",0,7.3,5.2,8.9,5.9,4,27.3,"5248322","G>T"
"A470G(GCG>GGG)::PA14_RS21090<::aspartate‑‑tRNA ligase;;4601668;;G>C",0,7.9,5.9,5.7,0,3,19.5,"4601668","G>C"
"A477P(GCC>CCC)::PA14_RS16845>::nitrite reductase large subunit;;3707475;;G>C",0,6.1,0,0,6.5,2,12.6,"3707475","G>C"
"A49A(GCT>GCG)::PA14_RS30495<::hypothetical protein;;3114288;;A>C",0,9.4,15,12.2,10.6,4,47.2,"3114288","A>C"
"A5077A(GCA>GCT)::PA14_RS13370>::hypothetical protein;;2863798;;A>T",0,7.6,0,7.9,0,2,15.5,"2863798","A>T"
"A658A(GCA>GCC)::PA14_RS18145<::DNA polymerase III subunit gamma/tau;;3971621;;T>G",0,17.5,11.2,18.3,13.9,4,60.9,"3971621","T>G"
"A71A(GCT>GCG)::PA14_RS30395<::hypothetical protein;;2703395;;A>C",0,10.1,8.6,0,10,3,28.7,"2703395","A>C"
"A74A(GCA>GCC)::PA14_RS30395<::hypothetical protein;;2703386;;T>G",0,18.7,12.9,21,16.7,4,69.3,"2703386","T>G"
"A90D(GCC>GAC)::PA14_RS02370<::nuclease PIN;;520261;;G>T",0,0,0,7.7,6.9,2,14.6,"520261","G>T"
"A90P(GCC>CCC)::PA14_RS23325<::bifunctional glutamate N‑acetyltransferase/amino‑acid N‑acetyltransferase;;5097010;;C>G",0,9.9,14.3,16.9,12.8,4,53.9,"5097010","C>G"
"C11G(TGC>GGC)::PA14_RS20530<::histidine kinase;;4496261;;A>C",0,8.7,0,8.6,6.8,3,24.1,"4496261","A>C"
"C378W(TGC>TGG)::PA14_RS15240<::MFS transporter;;3332231;;G>C",0,0,6.1,6.6,0,2,12.7,"3332231","G>C"
"C40G(TGC>GGC)::PA14_RS14800<::carboxylate‑amine ligase;;3240243;;A>C",0,0,6.3,9.4,8.9,3,24.6,"3240243","A>C"
"coding(445‑474/1089nt)::PA14_RS14175>::TauD/TfdA family dioxygenase;;3095107;;Δ30bp",0,9.3,6.2,8,10.5,4,34,"3095107","Δ30bp"
"coding(692‑698/756nt)::PA14_RS07210<::DeoR family transcriptional regulator;;1541905;;(GGCGGGC)2>1",0,0,10,8.3,8.4,3,26.7,"1541905","(GGCGGGC)2>1"
"coding(97‑142/585nt)::PA14_RS07980<::hypothetical protein;;1718824;;Δ46bp",0,7,0,5.4,0,2,12.4,"1718824","Δ46bp"
"D114A(GAC>GCC)::PA14_RS25300<::hypothetical protein;;5522220;;T>G",0,8.9,7.6,0,7.3,3,23.8,"5522220","T>G"
"D116A(GAC>GCC)::PA14_RS10870<::DUF924 domain‑containing protein;;2337795;;T>G",0,0,7.2,7.3,0,2,14.5,"2337795","T>G"
"D122A(GAC>GCC)::PA14_RS16155>::dienelactone hydrolase;;3553429;;A>C",0,0,6.7,9.4,0,2,16.1,"3553429","A>C"
"D130A(GAC>GCC)::PA14_RS04690<::DUF4340 domain‑containing protein;;1003115;;T>G",0,16.6,16.1,20.1,15.8,4,68.6,"1003115","T>G"
"D1313A(GAC>GCC)::PA14_RS02190>::chemotaxis protein CheA;;472801;;A>C",0,0,0,6.4,5.9,2,12.3,"472801","A>C"
"D134A(GAC>GCC)::PA14_RS18590<::flagellar motor switch protein FliM;;4071277;;T>G",0,13.5,12.5,14,13.2,4,53.2,"4071277","T>G"
"D1563E(GAT>GAA)::PA14_RS25000<::hypothetical protein;;5460166;;A>T",0,5.6,5.8,0,0,2,11.4,"5460166","A>T"
"D1587E(GAC>GAA)::PA14_RS25000<::hypothetical protein;;5460094;;G>T",0,8.2,0,7,0,2,15.2,"5460094","G>T"
"D179E(GAC>GAA)::PA14_RS05275>::long‑chain‑fatty‑acid‑‑CoA ligase;;1124856;;C>A",0,5.7,5.7,0,0,2,11.4,"1124856","C>A"
"D18A(GAC>GCC)::guaD>::guanine deaminase;;3990323;;A>C",0,8.4,0,0,5.4,2,13.8,"3990323","A>C"
"D18A(GAC>GCC)::PA14_RS07360<::4‑deoxy‑4‑formamido‑L‑arabinose‑ phosphoundecaprenol deformylase ArnD;;1574071;;T>G",0,0,7.1,11.2,5.8,3,24.1,"1574071","T>G"
"D191A(GAC>GCC)::PA14_RS14490<::glycosyltransferase family 1 protein;;3168275;;T>G",0,6.7,7.6,11.6,9.1,4,35,"3168275","T>G"
"D191Y(GAC>TAC)::PA14_RS21100>::cold‑shock protein;;4604770;;G>T",0,0,6.8,7.4,8.2,3,22.4,"4604770","G>T"
"D201A(GAC>GCC)::PA14_RS07305>::LysR family transcriptional regulator;;1561005;;A>C",0,9.9,0,12.4,7.6,3,29.9,"1561005","A>C"
"D218A(GAC>GCC)::PA14_RS18320>::transporter;;4019772;;A>C",0,13.1,14.7,13.6,11.7,4,53.1,"4019772","A>C"
"D226A(GAC>GCC)::PA14_RS26855<::flavodoxin family protein;;5857039;;T>G",0,0,6.6,0,7,2,13.6,"5857039","T>G"
"D229A(GAC>GCC)::PA14_RS18725>::FAD‑binding oxidoreductase;;4103781;;A>C",0,0,9.5,9.3,7.4,3,26.2,"4103781","A>C"
"D242A(GAC>GCC)::PA14_RS16155>::dienelactone hydrolase;;3553789;;A>C",0,12.4,10.3,0,10.4,3,33.1,"3553789","A>C"
"D24E(GAT>GAG)::PA14_RS18220>::allantoinase PuuE;;3995198;;T>G",0,0,5.1,0,6.9,2,12,"3995198","T>G"
"D24H(GAC>CAC)::PA14_RS00730<::ion channel protein Tsx;;163192;;C>G",0,7,0,7.7,5.3,3,20,"163192","C>G"
"D27A(GAC>GCC)::PA14_RS28015>::hypothetical protein;;6128225;;A>C",0,0,0,9.2,6,2,15.2,"6128225","A>C"
"D293H(GAC>CAC)::PA14_RS00995>::pyridine nucleotide transhydrogenase subunit beta;;223215;;G>C",0,26.8,27.1,32.8,20.9,4,107.6,"223215","G>C"
"D30A(GAC>GCC)‡::PA14_RS00900<::methyl‑accepting chemotaxis protein;;200411;;T>G",0,11.5,7.9,0,8.7,3,28.1,"200411","T>G"
"D30H(GAC>CAC)‡::PA14_RS00900<::methyl‑accepting chemotaxis protein;;200412;;C>G",0,14.1,10.8,0,9.9,3,34.8,"200412","C>G"
"D33A(GAC>GCC)::PA14_RS08090<::copper‑binding protein;;1740260;;T>G",0,9.4,10.6,0,11.5,3,31.5,"1740260","T>G"
"D37A(GAC>GCC)::flgG<::flagellar basal‑body rod protein FlgG;;4481535;;T>G",0,8,7.8,7.8,8.3,4,31.9,"4481535","T>G"
"D409A(GAC>GCC)::PA14_RS04375<::alcohol dehydrogenase;;939206;;T>G",0,9.5,10.4,10.3,7.9,4,38.1,"939206","T>G"
"D40H(GAC>CAC)::PA14_RS08090<::copper‑binding protein;;1740240;;C>G",0,0,8.1,0,6.9,2,15,"1740240","C>G"
"D414A(GAC>GCC)::arcA>::arginine deiminase;;6095796;;A>C",0,5.9,9.6,8.6,9.2,4,33.3,"6095796","A>C"
"D45A(GAC>GCC)::PA14_RS15215<::NAD(P)/FAD‑dependent oxidoreductase;;3328293;;T>G",0,0,6.2,7.7,0,2,13.9,"3328293","T>G"
"D479H(GAC>CAC)::PA14_RS16845>::nitrite reductase large subunit;;3707481;;G>C",0,15.3,0,13.1,12.6,3,41,"3707481","G>C"
"D47A(GAC>GCC)::PA14_RS02130<::dihydroorotase;;459289;;T>G",0,10.2,0,0,10.2,2,20.4,"459289","T>G"
"D574Y(GAC>TAC)::PA14_RS00485>::type VI secretion system tip protein VgrG;;115000;;G>T",0,8.3,10.7,10.7,7.5,4,37.2,"115000","G>T"
"D59A(GAC>GCC)::purB>::adenylosuccinate lyase;;1623544;;A>C",0,5.9,0,6.3,6.6,3,18.8,"1623544","A>C"
"D62A(GAC>GCC)::lepB>::signal peptidase I;;4220132;;A>C",0,6,0,5.9,0,2,11.9,"4220132","A>C"
"D75E(GAT>GAA)::PA14_RS11185<::hypothetical protein;;2396088;;A>T",0,5.4,5.6,7.7,0,3,18.7,"2396088","A>T"
"D764Y(GAC>TAC)::PA14_RS13395<::sugar‑binding protein;;2870814;;C>A",0,10.9,0,0,11.6,2,22.5,"2870814","C>A"
"D7A(GAC>GCC)::PA14_RS26295>::L‑methionine sulfoximine N‑acetyltransferase;;5734601;;A>C",0,16.5,18.6,19,17.7,4,71.8,"5734601","A>C"
"D937A(GAC>GCC)::PA14_RS22020>::penicillin‑binding protein;;4797458;;A>C",0,0,5.9,0,9.3,2,15.2,"4797458","A>C"
"E109*(GAG>TAG)::PA14_RS28530<::RidA family protein;;6245128;;C>A",0,7.3,0,5.4,5.9,3,18.6,"6245128","C>A"
"E116A(GAG>GCG)::PA14_RS27355<::amino acid ABC transporter ATP‑binding protein;;5983249;;T>G",0,0,23,24,0,2,47,"5983249","T>G"
"E140A(GAG>GCG)::ccmI<::c‑type cytochrome biogenesis protein CcmI;;4036329;;T>G",0,8.6,7.9,0,7.8,3,24.3,"4036329","T>G"
"E149A(GAG>GCG)::PA14_RS16400<::class I SAM‑dependent methyltransferase;;3612946;;T>G",0,7.2,0,0,9.5,2,16.7,"3612946","T>G"
"E156*(GAG>TAG)::hutC<::histidine utilization repressor;;6021144;;C>A",0,0,7.2,0,6.5,2,13.7,"6021144","C>A"
"E184*(GAG>TAG)::PA14_RS21100>::cold‑shock protein;;4604749;;G>T",0,10.3,10.1,0,9.2,3,29.6,"4604749","G>T"
"E197A(GAG>GCG)::PA14_RS04220>::Bcr/CflA family drug resistance efflux transporter;;902148;;A>C",0,0,9.6,0,9.4,2,19,"902148","A>C"
"E246A(GAG>GCG)::PA14_RS01735<::ABC transporter ATP‑binding protein;;380563;;T>G",0,9.4,7.8,7.9,0,3,25.1,"380563","T>G"
"E24A(GAG>GCG)::PA14_RS00980>::taurine dioxygenase;;219361;;A>C",0,8.5,6.9,0,0,2,15.4,"219361","A>C"
"E257A(GAG>GCG)::PA14_RS18370>::glycerol kinase;;4030934;;A>C",0,14.3,11.9,11.6,9.9,4,47.7,"4030934","A>C"
"E290*(GAG>TAG)::PA14_RS04000<::LysR family transcriptional regulator;;851969;;C>A",0,5.1,5.5,0,0,2,10.6,"851969","C>A"
"E291A(GAA>GCA)‡::PA14_RS00995>::pyridine nucleotide transhydrogenase subunit beta;;223210;;A>C",0,29.4,21.7,27.9,26.2,4,105.2,"223210","A>C"
"E291D(GAA>GAC)‡::PA14_RS00995>::pyridine nucleotide transhydrogenase subunit beta;;223211;;A>C",0,12,13.7,14.6,15,4,55.3,"223211","A>C"
"E291Q(GAA>CAA)‡::PA14_RS00995>::pyridine nucleotide transhydrogenase subunit beta;;223209;;G>C",0,18.5,18.2,21.9,15.8,4,74.4,"223209","G>C"
"E29A(GAG>GCG)::PA14_RS25555>::two‑component sensor CbrA;;5576027;;A>C",0,13.8,11.6,16.8,13.4,4,55.6,"5576027","A>C"
"E30A(GAG>GCG)::PA14_RS08090<::copper‑binding protein;;1740269;;T>G",0,9.2,9.1,0,7.5,3,25.8,"1740269","T>G"
"E33A(GAG>GCG)::PA14_RS28970<::3‑keto‑5‑aminohexanoate cleavage protein;;6338604;;T>G",0,10.8,11.1,13.1,10.6,4,45.6,"6338604","T>G"
"E346A(GAG>GCG)::benA>::benzoate 12‑dioxygenase large subunit;;2792328;;A>C",0,8.6,6.8,6.4,5.2,4,27,"2792328","A>C"
"E34A(GAG>GCG)::PA14_RS00795>::efflux RND transporter periplasmic adaptor subunit;;176267;;A>C",0,6,6.6,8.1,8.9,4,29.6,"176267","A>C"
"E37A(GAG>GCG)::PA14_RS26830<::DUF1249 domain‑containing protein;;5851393;;T>G",0,0,0,10.7,5.8,2,16.5,"5851393","T>G"
"E37A(GAG>GCG)::PA14_RS28970<::3‑keto‑5‑aminohexanoate cleavage protein;;6338592;;T>G",0,15,13.2,16,14.8,4,59,"6338592","T>G"
"E39A(GAG>GCG)::PA14_RS03770>::non‑ribosomal peptide synthetase;;790136;;A>C",0,15.2,13,13.4,13.2,4,54.8,"790136","A>C"
"E43A(GAG>GCG)::PA14_RS28130<::hypothetical protein;;6155663;;T>G",0,13.6,9.8,13.9,13.4,4,50.7,"6155663","T>G"
"E44A(GAG>GCG)::PA14_RS03770>::non‑ribosomal peptide synthetase;;790151;;A>C",0,17.1,15.7,21.7,15.6,4,70.1,"790151","A>C"
"E461A(GAG>GCG)::recB<::exodeoxyribonuclease V subunit beta;;4967263;;T>G",0,8.9,9.5,10.8,0,3,29.2,"4967263","T>G"
"E47*(GAA>TAA)::PA14_RS30885<::ABC transporter substrate‑binding protein;;5202320;;C>A",0,0,8,0,5.3,2,13.3,"5202320","C>A"
"E506A(GAG>GCG)::PA14_RS04785>::sigma‑54‑dependent Fis family transcriptional regulator;;1025833;;A>C",0,15.1,16.9,15.3,16.9,4,64.2,"1025833","A>C"
"E523A(GAG>GCG)::PA14_RS17880<::succinate dehydrogenase flavoprotein subunit;;3920446;;T>G",0,7.6,6.3,0,0,2,13.9,"3920446","T>G"
"E53A(GAG>GCG)::purB>::adenylosuccinate lyase;;1623526;;A>C",0,7.1,7.7,7.4,7.6,4,29.8,"1623526","A>C"
"E65A(GAG>GCG)::bioF>::8‑amino‑7‑oxononanoate synthase;;570974;;A>C",0,9.9,9.4,10.9,10,4,40.2,"570974","A>C"
"E663A(GAG>GCG)::PA14_RS18145<::DNA polymerase III subunit gamma/tau;;3971607;;T>G",0,11.6,9.6,13.3,7.7,4,42.2,"3971607","T>G"
"E66Q(GAA>CAA)::PA14_RS15115<::LysR family transcriptional regulator;;3308029;;C>G",0,6.3,5.7,0,7.4,3,19.4,"3308029","C>G"
"E70A(GAG>GCG)::PA14_RS03910>::PAS domain‑containing sensor histidine kinase;;831113;;A>C",0,12,0,0,15.3,2,27.3,"831113","A>C"
"E731A(GAG>GCG)::PA14_RS05290>::transcriptional regulator;;1132092;;A>C",0,9.2,7.2,8.6,6,4,31,"1132092","A>C"
"E75A(GAG>GCG)::PA14_RS19915>::hypothetical protein;;4356072;;A>C",0,0,5.7,0,6.9,2,12.6,"4356072","A>C"
"E76D(GAA>GAC)::PA14_RS06220<::hypothetical protein;;1316615;;T>G",0,11.2,10.1,0,9.7,3,31,"1316615","T>G"
"E84D(GAG>GAT)::PA14_RS30215>::RHS repeat protein;;1762759;;G>T",0,9.5,0,9.6,9.2,3,28.3,"1762759","G>T"
"E85A(GAG>GCG)::PA14_RS14120>::serine hydrolase;;3082236;;A>C",0,0,8.2,9.3,8.4,3,25.9,"3082236","A>C"
"E86A(GAG>GCG)::PA14_RS23325<::bifunctional glutamate N‑acetyltransferase/amino‑acid N‑acetyltransferase;;5097021;;T>G",0,32.6,28.3,30.2,23.3,4,114.4,"5097021","T>G"
"F178L(TTC>TTA)::PA14_RS05275>::long‑chain‑fatty‑acid‑‑CoA ligase;;1124853;;C>A",0,12.9,12,12.6,14.4,4,51.9,"1124853","C>A"
"F208L(TTC>TTA)::PA14_RS07080<::putrescine/spermidine ABC transporter permease;;1514325;;G>T",0,12.2,11.6,12.4,10.6,4,46.8,"1514325","G>T"
"F223L(TTC>TTA)::PA14_RS06325<::SIS domain‑containing protein;;1348080;;G>T",0,0,10.8,11,8.8,3,30.6,"1348080","G>T"
"F24C(TTC>TGC)::PA14_RS00900<::methyl‑accepting chemotaxis protein;;200429;;A>C",0,17.4,14.1,13.9,11.2,4,56.6,"200429","A>C"
"F257L(TTC>TTA)::PA14_RS14700>::tricarboxylate transporter;;3221026;;C>A",0,0,6.7,5.8,0,2,12.5,"3221026","C>A"
"F288V(TTC>GTC)::PA14_RS00995>::pyridine nucleotide transhydrogenase subunit beta;;223200;;T>G",0,25.4,0,29.4,19.2,3,74,"223200","T>G"
"F66L(TTC>TTA)::PA14_RS00085<::16S rRNA (cytosine(967)‑C(5))‑methyltransferase RsmB;;19896;;G>T",0,7.6,6.3,0,0,2,13.9,"19896","G>T"
"G129G(GGC>GGG)::PA14_RS04690<::DUF4340 domain‑containing protein;;1003117;;G>C",0,0,6.4,5.7,0,2,12.1,"1003117","G>C"
"G12C(GGT>TGT)::PA14_RS30895>::hypothetical protein;;5264280;;G>T",0,0,0,5.5,6.3,2,11.8,"5264280","G>T"
"G1548G(GGT>GGC)::PA14_RS25000<::hypothetical protein;;5460211;;A>G",0,6.3,7.1,8.7,6.3,4,28.4,"5460211","A>G"
"G162G(GGC>GGG)::PA14_RS00110>::threonylcarbamoyl‑AMP synthase;;24507;;C>G",0,9.1,6,0,6.2,3,21.3,"24507","C>G"
"G186G(GGC>GGG)::PA14_RS14885>::glycogen synthase GlgA;;3254064;;C>G",0,0,0,12.6,8.4,2,21,"3254064","C>G"
"G248A(GGC>GCC)::aguB<::N‑carbamoylputrescine amidase;;4309175;;C>G",0,0,6.2,0,6.6,2,12.8,"4309175","C>G"
"G274G(GGC>GGG)::PA14_RS13175>::kinase;;2807679;;C>G",0,6.9,7,0,5.9,3,19.8,"2807679","C>G"
"G287G(GGC>GGG)::PA14_RS00995>::pyridine nucleotide transhydrogenase subunit beta;;223199;;C>G",0,0,10.7,0,9.5,2,20.2,"223199","C>G"
"G317G(GGT>GGG)::PA14_RS09360>::ribosomal large subunit pseudouridine synthase B;;2004636;;T>G",0,12.1,9.7,14.3,14.1,4,50.2,"2004636","T>G"
"G31G(GGC>GGG)::PA14_RS19735>::asparagine synthase;;4322513;;C>G",0,7.7,0,0,6.2,2,13.9,"4322513","C>G"
"G358A(GGC>GCC)::PA14_RS12595<::conjugative transfer protein TrbI;;2678634;;C>G",0,0,0,11.5,6.6,2,18.1,"2678634","C>G"
"G379G(GGC>GGG)::PA14_RS15240<::MFS transporter;;3332228;;G>C",0,6.9,0,6.3,0,2,13.2,"3332228","G>C"
"G38G(GGC>GGG)::PA14_RS30440<::hypothetical protein;;2827519;;G>C",0,0,7.3,12.3,8.4,3,28,"2827519","G>C"
"G452G(GGC>GGA)::PA14_RS24030>::hypothetical protein;;5248309;;C>A",0,8,0,7.3,0,2,15.3,"5248309","C>A"
"G492G(GGT>GGA)::PA14_RS24030>::hypothetical protein;;5248429;;T>A",0,14.3,10.1,13.9,7.2,4,45.5,"5248429","T>A"
"G510G(GGT>GGA)::PA14_RS24030>::hypothetical protein;;5248483;;T>A",0,7,5.5,5.2,0,3,17.7,"5248483","T>A"
"G511G(GGT>GGG)::PA14_RS20025<::AraC family transcriptional regulator;;4379800;;A>C",0,11,11,0,7.9,3,29.9,"4379800","A>C"
"G576V(GGC>GTC)::PA14_RS00485>::type VI secretion system tip protein VgrG;;115007;;G>T",0,6,0,0,8.8,2,14.8,"115007","G>T"
"G70G(GGA>GGC)::PA14_RS21345>::DUF1456 domain‑containing protein;;4653383;;A>C",0,0,11.2,16.2,0,2,27.4,"4653383","A>C"
"G79G(GGT>GGG)::PA14_RS22765<::PAS domain‑containing sensor histidine kinase;;4982558;;A>C",0,0,12.1,11.7,0,2,23.8,"4982558","A>C"
"G86G(GGC>GGA)::PA14_RS30215>::RHS repeat protein;;1762765;;C>A",0,7.3,7.2,7.8,6.5,4,28.8,"1762765","C>A"
"G88R(GGC>CGC)::PA14_RS23325<::bifunctional glutamate N‑acetyltransferase/amino‑acid N‑acetyltransferase;;5097016;;C>G",0,12,14.2,13.4,8.6,4,48.2,"5097016","C>G"
"H128H(CAC>CAT)::PA14_RS28350<::type VI secretion system tube protein Hcp;;6206227;;G>A",0,32,26.2,24.3,32,4,114.5,"6206227","G>A"
"H222P(CAC>CCC)::PA14_RS06615>::diguanylate cyclase response regulator;;1413822;;A>C",0,7,6.4,0,7,3,20.4,"1413822","A>C"
"H265P(CAC>CCC)::PA14_RS20735<::FAD‑binding oxidoreductase;;4534364;;T>G",0,7.6,6.5,7.4,6.7,4,28.2,"4534364","T>G"
"H273P(CAC>CCC)::PA14_RS21955>::ATP‑dependent helicase;;4779596;;A>C",0,0,11.9,16.4,0,2,28.3,"4779596","A>C"
"H398N(CAC>AAC)::PA14_RS01795>::phosphoenolpyruvate‑protein phosphotransferase PtsP;;393961;;C>A",0,0,6.2,7.3,5.1,3,18.6,"393961","C>A"
"H48P(CAC>CCC)::PA14_RS28130<::hypothetical protein;;6155648;;T>G",0,10.7,6.3,13.1,10.7,4,40.8,"6155648","T>G"
"H67P(CAC>CCC)::PA14_RS15115<::LysR family transcriptional regulator;;3308025;;T>G",0,7.7,0,6.9,0,2,14.6,"3308025","T>G"
"H7D(CAC>GAC)::pabB>::aminodeoxychorismate synthase component I;;3736040;;C>G",0,0,7.6,0,6.5,2,14.1,"3736040","C>G"
"H99P(CAC>CCC)::PA14_RS16380>::TetR family transcriptional regulator;;3609530;;A>C",0,7.2,0,0,5.6,2,12.8,"3609530","A>C"
"H9H(CAC>CAT)::PA14_RS17500>::type VI secretion system tip protein VgrG;;3832626;;C>T",0,10.4,12.1,9.1,11.8,4,43.4,"3832626","C>T"
"I186N(ATT>AAT)::PA14_RS29700<::energy transducer TonB;;6498607;;A>T",0,7.8,5.3,6.5,0,3,19.6,"6498607","A>T"
"I3352S(ATC>AGC)::PA14_RS13705>::non‑ribosomal peptide synthetase;;2966669;;T>G",0,0,8.3,7.7,6,3,22,"2966669","T>G"
"I411I(ATC>ATA)::arcA>::arginine deiminase;;6095788;;C>A",0,8.8,6.5,6.6,6.5,4,28.4,"6095788","C>A"
"I549I(ATA>ATC)::PA14_RS00485>::type VI secretion system tip protein VgrG;;114927;;A>C",0,10.8,7.8,11.5,6.4,4,36.5,"114927","A>C"
"I768L(ATC>CTC)::PA14_RS08450<::non‑ribosomal peptide synthetase;;1814374;;T>G",0,8,8.6,12.3,11.4,4,40.3,"1814374","T>G"
"intergenic(‑101/‑143)::PA14_RS15000</>PA14_RS15005::DUF2513 domain‑containing protein/hypothetical protein;;3285471;;T>G",0,15.9,20,16.5,19.9,4,72.3,"3285471","T>G"
"intergenic(‑103/‑69)::PA14_RS20180</>PA14_RS20185::LuxR family transcriptional regulator/Molecular chaperone Hsp31 and glyoxalase 3;;4422561;;C>A",0,0,7,0,6.6,2,13.6,"4422561","C>A"
"intergenic(‑107/‑137)::PA14_RS15000</>PA14_RS15005::DUF2513 domain‑containing protein/hypothetical protein;;3285477;;G>C",0,11.6,14.8,14.6,8.6,4,49.6,"3285477","G>C"
"intergenic(‑107/+25)::PA14_RS04200</<PA14_RS04205::FAD‑linked oxidase/hypothetical protein;;897588;;A>C",0,6,8.9,9.3,0,3,24.2,"897588","A>C"
"intergenic(‑109/+20)::PA14_RS02930</<PA14_RS02935::hydrolase/DUF805 domain‑containing protein;;630090;;T>G",0,22.5,18.7,23.4,23.8,4,88.4,"630090","T>G"
"intergenic(‑111/+18)::PA14_RS02930</<PA14_RS02935::hydrolase/DUF805 domain‑containing protein;;630092;;C>G",0,6.9,7,7.9,0,3,21.8,"630092","C>G"
"intergenic(‑115/+44)::PA14_RS17540</<PA14_RS17545::transporter/short chain dehydrogenase;;3846535;;G>T",0,7.5,0,0,7.7,2,15.2,"3846535","G>T"
"intergenic(‑116/+37)::PA14_RS24730</<PA14_RS24735::hypothetical protein/ATP‑dependent protease;;5395483;;A>C",0,9.7,0,0,6.8,2,16.5,"5395483","A>C"
"intergenic(‑117/+36)::PA14_RS24730</<PA14_RS24735::hypothetical protein/ATP‑dependent protease;;5395484;;G>C",0,9.6,8.8,0,6.5,3,24.9,"5395484","G>C"
"intergenic(‑118/+115)::PA14_RS23285</<PA14_RS23290::mechanosensitive ion channel family protein/nucleotide‑binding protein;;5088757;;C>G",0,0,6.6,10.4,0,2,17,"5088757","C>G"
"intergenic(‑118/+31)::PA14_RS01930</<PA14_RS01935::phosphopantetheine adenylyltransferase/GMC family oxidoreductase;;421968;;T>G",0,0,8.3,0,9.9,2,18.2,"421968","T>G"
"intergenic(‑12/+29)::PA14_RS02280</<PA14_RS02285::bifunctional (p)ppGpp synthetase/guanosine‑3'5'‑bis(diphosphate) 3'‑pyrophosphohydrolase/adenosylhomocysteinase;;497428;;A>C",0,8,7,10.2,0,3,25.2,"497428","A>C"
"intergenic(‑121/+112)::PA14_RS23285</<PA14_RS23290::mechanosensitive ion channel family protein/nucleotide‑binding protein;;5088760;;A>C",0,20.5,20.4,29.8,16.4,4,87.1,"5088760","A>C"
"intergenic(‑130/+21)::PA14_RS09400</<PA14_RS09405::bifunctional 3‑demethylubiquinone 3‑O‑methyltransferase/2‑octaprenyl‑6‑hydroxy phenol methylase/N‑ethylammeline chlorohydrolase;;2011976;;A>C",0,6.8,7,0,7,3,20.8,"2011976","A>C"
"intergenic(‑131/‑10)::motA</>PA14_RS26755::flagellar motor stator protein MotA/HDOD domain‑containing protein;;5831393;;C>A",0,0,5.6,0,6,2,11.6,"5831393","C>A"
"intergenic(‑131/+36)::PA14_RS06835</<map::bifunctional uridylyltransferase/uridylyl‑removing protein/type I methionyl aminopeptidase;;1462026;;T>G",0,18,15.4,19.7,20.1,4,73.2,"1462026","T>G"
"intergenic(‑132/+32)::PA14_RS29770</<PA14_RS29775::C4‑dicarboxylate ABC transporter/class I SAM‑dependent methyltransferase;;6512661;;A>C",0,12.3,9.4,0,6.4,3,28.1,"6512661","A>C"
"intergenic(‑133/‑144)::PA14_RS13835</>PA14_RS13840::DNA‑binding response regulator/DUF4280 domain‑containing protein;;3016475;;C>G",0,0,8.8,0,8.5,2,17.3,"3016475","C>G"
"intergenic(‑134/‑143)::PA14_RS13835</>PA14_RS13840::DNA‑binding response regulator/DUF4280 domain‑containing protein;;3016476;;T>G",0,18.1,19.9,27.4,19,4,84.4,"3016476","T>G"
"intergenic(‑135/+98)::PA14_RS23285</<PA14_RS23290::mechanosensitive ion channel family protein/nucleotide‑binding protein;;5088774;;G>C",0,13.3,13.2,17.2,13.4,4,57.1,"5088774","G>C"
"intergenic(‑136/+97)::PA14_RS23285</<PA14_RS23290::mechanosensitive ion channel family protein/nucleotide‑binding protein;;5088775;;A>C",0,22.2,20.4,29.9,20.4,4,92.9,"5088775","A>C"
"intergenic(‑138/+95)::PA14_RS23285</<PA14_RS23290::mechanosensitive ion channel family protein/nucleotide‑binding protein;;5088777;;G>C",0,0,0,11.3,7.2,2,18.5,"5088777","G>C"
"intergenic(‑140/+9)::PA14_RS01930</<PA14_RS01935::phosphopantetheine adenylyltransferase/GMC family oxidoreductase;;421990;;G>C",0,11.1,0,0,8.3,2,19.4,"421990","G>C"
"intergenic(‑140/+93)::PA14_RS23285</<PA14_RS23290::mechanosensitive ion channel family protein/nucleotide‑binding protein;;5088779;;T>G",0,18.3,12.9,25.3,14.9,4,71.4,"5088779","T>G"
"intergenic(‑141/+23)::PA14_RS29770</<PA14_RS29775::C4‑dicarboxylate ABC transporter/class I SAM‑dependent methyltransferase;;6512670;;G>C",0,9.5,7.3,0,0,2,16.8,"6512670","G>C"
"intergenic(‑148/+16)::PA14_RS29770</<PA14_RS29775::C4‑dicarboxylate ABC transporter/class I SAM‑dependent methyltransferase;;6512677;;A>C",0,10.5,0,0,6.9,2,17.4,"6512677","A>C"
"intergenic(‑168/+42)::eat</<PA14_RS04780::amino acid permease/aldehyde dehydrogenase;;1022416;;A>C",0,11.7,8.4,0,6.7,3,26.8,"1022416","A>C"
"intergenic(‑173/+37)::eat</<PA14_RS04780::amino acid permease/aldehyde dehydrogenase;;1022421;;T>G",0,10.7,9.8,9.9,7.8,4,38.2,"1022421","T>G"
"intergenic(‑182/‑266)::PA14_RS05070</>PA14_RS05075::Lrp/AsnC family transcriptional regulator/hypothetical protein;;1080209;;T>G",0,9.1,8.4,0,10.6,3,28.1,"1080209","T>G"
"intergenic(‑187/+32)::PA14_RS26645</<PA14_RS26650::30S ribosomal protein S6/23S rRNA (guanosine(2251)‑2'‑O)‑methyltransferase RlmB;;5809301;;Δ1bp",0,5.9,6.5,6.9,5.3,4,24.6,"5809301","Δ1bp"
"intergenic(‑188/‑260)::PA14_RS05070</>PA14_RS05075::Lrp/AsnC family transcriptional regulator/hypothetical protein;;1080215;;T>G",0,6.6,7.4,0,0,2,14,"1080215","T>G"
"intergenic(‑188/+22)::eat</<PA14_RS04780::amino acid permease/aldehyde dehydrogenase;;1022436;;T>G",0,0,8.3,0,9,2,17.3,"1022436","T>G"
"intergenic(‑190/+27)::flgF</<PA14_RS20470::flagellar basal‑body rod protein FlgF/flagellar hook protein FlgE;;4482630;;T>G",0,13.1,11.3,11.8,16.1,4,52.3,"4482630","T>G"
"intergenic(‑192/+25)::flgF</<PA14_RS20470::flagellar basal‑body rod protein FlgF/flagellar hook protein FlgE;;4482632;;C>G",0,6.6,0,0,5.7,2,12.3,"4482632","C>G"
"intergenic(‑196/+23)::PA14_RS26645</<PA14_RS26650::30S ribosomal protein S6/23S rRNA (guanosine(2251)‑2'‑O)‑methyltransferase RlmB;;5809310;;C>G",0,8.7,11.4,10,8.1,4,38.2,"5809310","C>G"
"intergenic(‑197/+20)::flgF</<PA14_RS20470::flagellar basal‑body rod protein FlgF/flagellar hook protein FlgE;;4482637;;A>C",0,17.4,14.6,20.8,15.3,4,68.1,"4482637","A>C"
"intergenic(‑198/+61)::PA14_RS26880</<PA14_RS26885::enoyl‑CoA hydratase/amino acid permease;;5865019;;A>C",0,0,5.5,5.4,0,2,10.9,"5865019","A>C"
"intergenic(‑199/+18)::flgF</<PA14_RS20470::flagellar basal‑body rod protein FlgF/flagellar hook protein FlgE;;4482639;;G>C",0,0,8,11.1,7.4,3,26.5,"4482639","G>C"
"intergenic(‑2/‑69)::PA14_RS30045</>PA14_RS02655::acyl‑CoA dehydrogenase/acyl‑CoA dehydrogenase;;578908;;C>A",0,0,10.2,0,8.8,2,19,"578908","C>A"
"intergenic(‑200/+129)::PA14_RS17855</<lpdA::succinyl‑CoA ligase subunit beta/dihydrolipoyl dehydrogenase;;3913528;;G>C",0,13.5,0,14.4,9.1,3,37,"3913528","G>C"
"intergenic(‑201/+128)::PA14_RS17855</<lpdA::succinyl‑CoA ligase subunit beta/dihydrolipoyl dehydrogenase;;3913529;;A>C",0,20.5,14.9,14.6,12.1,4,62.1,"3913529","A>C"
"intergenic(‑202/+15)::flgF</<PA14_RS20470::flagellar basal‑body rod protein FlgF/flagellar hook protein FlgE;;4482642;;A>C",0,16.2,12,21.9,14.3,4,64.4,"4482642","A>C"
"intergenic(‑202/+15)::PA14_RS23100</<PA14_RS23105::ferrous iron transporter A/ATPase;;5051258;;T>G",0,0,10.6,11.4,9.4,3,31.4,"5051258","T>G"
"intergenic(‑208/+49)::PA14_RS24720</<PA14_RS24725::hypothetical protein/membrane protein;;5394315;;T>G",0,0,0,5.8,6.5,2,12.3,"5394315","T>G"
"intergenic(‑210/+41)::PA14_RS02265</<PA14_RS02270::DEAD/DEAH box helicase/hypothetical protein;;494766;;T>G",0,0,0,8.2,6.2,2,14.4,"494766","T>G"
"intergenic(‑220/‑107)::PA14_RS17985</>acnA::23S rRNA (cytidine(2498)‑2'‑O)‑methyltransferase RlmM/aconitate hydratase AcnA;;3940364;;A>C",0,7.6,6.8,7.7,8.6,4,30.7,"3940364","A>C"
"intergenic(‑238/+22)::PA14_RS24805</<PA14_RS24810::hypothetical protein/protein activator;;5413147;;A>C",0,9.8,9.3,0,9.4,3,28.5,"5413147","A>C"
"intergenic(‑244/+35)::PA14_RS07205</<PA14_RS07210::glycerol‑3‑phosphate dehydrogenase/DeoR family transcriptional regulator;;1541812;;A>C",0,0,12.2,11.1,0,2,23.3,"1541812","A>C"
"intergenic(‑246/+14)::PA14_RS24805</<PA14_RS24810::hypothetical protein/protein activator;;5413155;;A>C",0,11.7,11.6,11.1,9.1,4,43.5,"5413155","A>C"
"intergenic(‑249/+30)::PA14_RS07205</<PA14_RS07210::glycerol‑3‑phosphate dehydrogenase/DeoR family transcriptional regulator;;1541817;;G>C",0,7.3,7,0,0,2,14.3,"1541817","G>C"
"intergenic(‑254/+25)::PA14_RS07205</<PA14_RS07210::glycerol‑3‑phosphate dehydrogenase/DeoR family transcriptional regulator;;1541822;;A>C",0,9.5,10.6,11.1,0,3,31.2,"1541822","A>C"
"intergenic(‑259/+23)::PA14_RS09075</<PA14_RS09080::DUF2790 domain‑containing protein/ABC transporter ATP‑binding protein;;1952327;;A>C",0,21.8,17.6,22.8,18.6,4,80.8,"1952327","A>C"
"intergenic(‑279/+129)::PA14_RS14520</<PA14_RS14525::ribbon‑helix‑helix protein CopG family/hypothetical protein;;3176855;;C>G",0,6.6,0,5.9,5.5,3,18,"3176855","C>G"
"intergenic(‑28/+18)::PA14_RS12190</<PA14_RS12195::NADH‑quinone oxidoreductase subunit K/NADH‑quinone oxidoreductase subunit J;;2589385;;A>C",0,13.3,12.1,17.8,13.5,4,56.7,"2589385","A>C"
"intergenic(‑28/+23)::PA14_RS11120</<PA14_RS11125::hypothetical protein/pyridoxal phosphate‑dependent aminotransferase;;2387011;;A>C",0,30.2,29.6,36.9,32.4,4,129.1,"2387011","A>C"
"intergenic(‑28/+24)::PA14_RS14405</<PA14_RS14410::Pyoverdin chromophore biosynthetic protein pvcC/hypothetical protein;;3148892;;T>G",0,14.3,9.9,12.8,16.2,4,53.2,"3148892","T>G"
"intergenic(‑28/+32)::PA14_RS24885</<PA14_RS24890::GTPase/DUF466 domain‑containing protein;;5435961;;A>C",0,12.2,13,14.6,13.1,4,52.9,"5435961","A>C"
"intergenic(‑29/+106)::PA14_RS15535</<PA14_RS15540::siderophore‑interacting protein/PLP‑dependent aminotransferase family protein;;3411332;;A>C",0,6,5.1,8.7,0,3,19.8,"3411332","A>C"
"intergenic(‑29/+22)::PA14_RS11120</<PA14_RS11125::hypothetical protein/pyridoxal phosphate‑dependent aminotransferase;;2387012;;G>C",0,0,0,10.1,9.2,2,19.3,"2387012","G>C"
"intergenic(‑290/+34)::PA14_RS06555</<PA14_RS06560::DNA‑binding response regulator/NAD(P)/FAD‑dependent oxidoreductase;;1397950;;A>C",0,0,6,7.6,0,2,13.6,"1397950","A>C"
"intergenic(‑291/+21)::putP</<PA14_RS22050::sodium/proline symporter PutP/bifunctional proline dehydrogenase/L‑glutamate gamma‑semialdehyde dehydrogenase PutA;;4802963;;A>C",0,0,8.4,9.9,0,2,18.3,"4802963","A>C"
"intergenic(‑292/+20)::putP</<PA14_RS22050::sodium/proline symporter PutP/bifunctional proline dehydrogenase/L‑glutamate gamma‑semialdehyde dehydrogenase PutA;;4802964;;A>C",0,7,0,6.8,5.9,3,19.7,"4802964","A>C"
"intergenic(‑31/+20)::PA14_RS26080</<PA14_RS26085::hypothetical protein/hypothetical protein;;5685159;;A>C",0,6.6,7,9.5,0,3,23.1,"5685159","A>C"
"intergenic(‑315/‑122)::PA14_RS05085</>hrpB::hypothetical protein/ATP‑dependent helicase HrpB;;1082867;;A>C",0,7.9,5.2,9.8,9.6,4,32.5,"1082867","A>C"
"intergenic(‑32/+22)::PA14_RS10665</<PA14_RS10670::hypothetical protein/short chain dehydrogenase;;2295059;;T>G",0,6.6,5.6,6.8,5.7,4,24.7,"2295059","T>G"
"intergenic(‑32/+86)::PA14_RS26900</<PA14_RS26905::DNA‑binding response regulator/TetR family transcriptional regulator;;5870471;;C>G",0,5.8,5.3,9.5,5.7,4,26.3,"5870471","C>G"
"intergenic(‑33/+18)::PA14_RS10945</<PA14_RS10950::lipase chaperone/lactonizing lipase;;2354148;;A>C",0,0,6.2,9.1,0,2,15.3,"2354148","A>C"
"intergenic(‑33/+39)::PA14_RS01670</<PA14_RS01675::amino acid ABC transporter permease/cystine ABC transporter substrate‑binding protein;;367799;;T>G",0,11.5,9.3,0,10.5,3,31.3,"367799","T>G"
"intergenic(‑331/+296)::PA14_RS21915</<PA14_RS21920::N‑acetylmuramoyl‑L‑alanine amidase/hypothetical protein;;4772919;;T>G",0,9.2,11.8,11.9,12.7,4,45.6,"4772919","T>G"
"intergenic(‑335/+292)::PA14_RS21915</<PA14_RS21920::N‑acetylmuramoyl‑L‑alanine amidase/hypothetical protein;;4772923;;T>G",0,10.1,8.7,8.6,9.1,4,36.5,"4772923","T>G"
"intergenic(‑34/‑210)::PA14_RS15000</>PA14_RS15005::DUF2513 domain‑containing protein/hypothetical protein;;3285404;;T>G",0,8.6,7.3,0,9.9,3,25.8,"3285404","T>G"
"intergenic(‑35/‑315)::PA14_RS12855</>PA14_RS12860::SulP family inorganic anion transporter/hypothetical protein;;2729835;;T>G",0,10.7,5.7,7.3,5.5,4,29.2,"2729835","T>G"
"intergenic(‑36/+16)::PA14_RS14405</<PA14_RS14410::Pyoverdin chromophore biosynthetic protein pvcC/hypothetical protein;;3148900;;A>C",0,23.8,21.8,19.2,20.3,4,85.1,"3148900","A>C"
"intergenic(‑37/+14)::PA14_RS11120</<PA14_RS11125::hypothetical protein/pyridoxal phosphate‑dependent aminotransferase;;2387020;;G>C",0,11.5,11.7,15.4,13,4,51.6,"2387020","G>C"
"intergenic(‑38/+22)::PA14_RS24885</<PA14_RS24890::GTPase/DUF466 domain‑containing protein;;5435971;;T>G",0,0,8,0,9.8,2,17.8,"5435971","T>G"
"intergenic(‑38/+80)::PA14_RS26900</<PA14_RS26905::DNA‑binding response regulator/TetR family transcriptional regulator;;5870477;;C>G",0,7.4,6.1,11.1,8.6,4,33.2,"5870477","C>G"
"intergenic(‑39/+34)::PA14_RS06050</<PA14_RS06055::TRAP transporter small permease/TRAP transporter substrate‑binding protein DctP;;1287712;;A>C",0,10.9,10.1,0,7.1,3,28.1,"1287712","A>C"
"intergenic(‑40/+14)::PA14_RS10665</<PA14_RS10670::hypothetical protein/short chain dehydrogenase;;2295067;;A>C",0,0,5.5,0,5.1,2,10.6,"2295067","A>C"
"intergenic(‑407/‑355)::PA14_RS16200</>PA14_RS16205::LuxR family transcriptional regulator/hypothetical protein;;3563334;;T>G",0,15,14.6,16.1,13.5,4,59.2,"3563334","T>G"
"intergenic(‑41/+31)::PA14_RS01670</<PA14_RS01675::amino acid ABC transporter permease/cystine ABC transporter substrate‑binding protein;;367807;;A>C",0,10,9.2,14.1,11.9,4,45.2,"367807","A>C"
"intergenic(‑410/‑352)::PA14_RS16200</>PA14_RS16205::LuxR family transcriptional regulator/hypothetical protein;;3563337;;T>G",0,9.6,7.7,9.2,10.4,4,36.9,"3563337","T>G"
"intergenic(‑413/‑349)::PA14_RS16200</>PA14_RS16205::LuxR family transcriptional regulator/hypothetical protein;;3563340;;A>C",0,6.1,0,0,6,2,12.1,"3563340","A>C"
"intergenic(‑416/‑346)::PA14_RS16200</>PA14_RS16205::LuxR family transcriptional regulator/hypothetical protein;;3563343;;A>C",0,0,6,7,5.8,3,18.8,"3563343","A>C"
"intergenic(‑42/+26)::PA14_RS17810</<PA14_RS17815::dienelactone hydrolase/molecular chaperone HtpG;;3904042;;G>C",0,8,0,0,5.5,2,13.5,"3904042","G>C"
"intergenic(‑420/‑342)::PA14_RS16200</>PA14_RS16205::LuxR family transcriptional regulator/hypothetical protein;;3563347;;T>G",0,8,9,9.7,0,3,26.7,"3563347","T>G"
"intergenic(‑426/+159)::PA14_RS22700</<PA14_RS29930::16S ribosomal RNA/hypothetical protein;;4957604;;T>C",0,11.4,11,10.7,10.5,4,43.6,"4957604","T>C"
"intergenic(‑44/+29)::PA14_RS06050</<PA14_RS06055::TRAP transporter small permease/TRAP transporter substrate‑binding protein DctP;;1287717;;A>C",0,0,6.6,5.9,5.8,3,18.3,"1287717","A>C"
"intergenic(‑49/+35)::PA14_RS05750</<PA14_RS05755::ABC transporter permease/ABC transporter substrate‑binding protein;;1227801;;A>C",0,0,6.2,6.9,5.8,3,18.9,"1227801","A>C"
"intergenic(‑50/+45)::PA14_RS03055</<PA14_RS03060::DUF4136 domain‑containing protein/SpoVR family protein;;656584;;A>C",0,6.9,8.1,9.8,7.8,4,32.6,"656584","A>C"
"intergenic(‑52/+21)::PA14_RS06050</<PA14_RS06055::TRAP transporter small permease/TRAP transporter substrate‑binding protein DctP;;1287725;;T>G",0,17.9,17.1,15.2,11.4,4,61.6,"1287725","T>G"
"intergenic(‑54/+41)::PA14_RS03055</<PA14_RS03060::DUF4136 domain‑containing protein/SpoVR family protein;;656588;;T>G",0,0,8.8,0,8.1,2,16.9,"656588","T>G"
"intergenic(‑57/+17)::PA14_RS13885</<PA14_RS13890::hypothetical protein/type VI secretion system contractile sheath large subunit;;3027640;;T>G",0,19.4,14.6,21.2,11.8,4,67,"3027640","T>G"
"intergenic(‑57/+204)::PA14_RS28445</<PA14_RS28450::hypothetical protein/ammonium transporter;;6224125;;G>T",0,0,8,9.8,8.7,3,26.5,"6224125","G>T"
"intergenic(‑59/+85)::PA14_RS14955</<PA14_RS14960::alpha‑14‑glucan‑‑maltose‑1‑phosphate maltosyltransferase/Ku protein;;3277347;;T>G",0,7.6,0,0,13.2,2,20.8,"3277347","T>G"
"intergenic(‑63/+15)::PA14_RS13320</<PA14_RS13325::MFS transporter/FAA hydrolase family protein;;2837574;;T>G",0,8.9,11.1,0,7.8,3,27.8,"2837574","T>G"
"intergenic(‑64/+31)::PA14_RS03055</<PA14_RS03060::DUF4136 domain‑containing protein/SpoVR family protein;;656598;;C>G",0,0,7.7,8.3,0,2,16,"656598","C>G"
"intergenic(‑64/+36)::PA14_RS14420</<PA14_RS14425::asparaginase/sodium:alanine symporter family protein;;3152061;;A>C",0,0,17.4,25.1,0,2,42.5,"3152061","A>C"
"intergenic(‑65/+30)::PA14_RS03055</<PA14_RS03060::DUF4136 domain‑containing protein/SpoVR family protein;;656599;;T>G",0,13,13.3,12.3,12.9,4,51.5,"656599","T>G"
"intergenic(‑68/+64)::PA14_RS12210</<PA14_RS12215::NADH‑quinone oxidoreductase subunit NuoG/NADH‑quinone oxidoreductase subunit F;;2594252;;T>G",0,0,5.5,6.6,0,2,12.1,"2594252","T>G"
"intergenic(‑72/+18)::PA14_RS05100</<PA14_RS05105::hypothetical protein/endonuclease/exonuclease/phosphatase family protein;;1086459;;A>C",0,10.4,12.1,7.6,7.8,4,37.9,"1086459","A>C"
"intergenic(‑73/+17)::PA14_RS05100</<PA14_RS05105::hypothetical protein/endonuclease/exonuclease/phosphatase family protein;;1086460;;G>C",0,12.5,12.6,14.3,12.5,4,51.9,"1086460","G>C"
"intergenic(‑75/+20)::PA14_RS03055</<PA14_RS03060::DUF4136 domain‑containing protein/SpoVR family protein;;656609;;T>G",0,11.7,17.2,16.8,15.5,4,61.2,"656609","T>G"
"intergenic(‑76/+19)::PA14_RS03055</<PA14_RS03060::DUF4136 domain‑containing protein/SpoVR family protein;;656610;;C>G",0,14.2,15.1,14.8,14.8,4,58.9,"656610","C>G"
"intergenic(‑76/+96)::PA14_RS01485</<PA14_RS01490::hypothetical protein/sulfite exporter TauE/SafE family protein;;326440;;T>G",0,0,0,6.2,5.2,2,11.4,"326440","T>G"
"intergenic(‑77/+14)::PA14_RS07925</<PA14_RS07930::FAD‑dependent oxidoreductase/transcriptional regulator;;1705576;;T>G",0,7.6,5.8,0,6.3,3,19.7,"1705576","T>G"
"intergenic(‑78/+45)::PA14_RS18425</<ccmB::heme exporter protein C/heme exporter protein B;;4041222;;A>C",0,0,6.7,0,8.5,2,15.2,"4041222","A>C"
"intergenic(‑80/+10)::PA14_RS05100</<PA14_RS05105::hypothetical protein/endonuclease/exonuclease/phosphatase family protein;;1086467;;G>C",0,6.9,11.3,13.9,8.7,4,40.8,"1086467","G>C"
"intergenic(‑80/+28)::PA14_RS26460</<PA14_RS26465::outer membrane porin OprD family/aldehyde dehydrogenase;;5767199;;C>G",0,7,7.1,8,7.6,4,29.7,"5767199","C>G"
"intergenic(‑82/+9)::PA14_RS07925</<PA14_RS07930::FAD‑dependent oxidoreductase/transcriptional regulator;;1705581;;T>G",0,10.8,12.1,14.5,9.8,4,47.2,"1705581","T>G"
"intergenic(‑85/+10)::PA14_RS28000</<PA14_RS28005::two‑component sensor histidine kinase/two‑component system response regulator OmpR;;6124853;;G>C",0,11.5,7.6,10.3,6.6,4,36,"6124853","G>C"
"intergenic(‑87/+34)::PA14_RS02050</<rdgB::YggW family oxidoreductase/non‑canonical purine NTP pyrophosphatase;;443563;;G>C",0,23.5,23.5,18,16.2,4,81.2,"443563","G>C"
"intergenic(‑88/+33)::PA14_RS02050</<rdgB::YggW family oxidoreductase/non‑canonical purine NTP pyrophosphatase;;443564;;A>C",0,31.5,35.1,34.9,26.1,4,127.6,"443564","A>C"
"intergenic(‑882/+21)::PA14_RS07435</<PA14_RS07440::GDP‑mannose 6‑dehydrogenase/peroxide stress protein YaaA;;1596190;;A>C",0,8,6.8,12.9,5.9,4,33.6,"1596190","A>C"
"intergenic(‑9/+4)::PA14_RS18960</<PA14_RS18965::RNA polymerase sigma factor/hypothetical protein;;4159896;;T>G",0,6.3,6.5,0,0,2,12.8,"4159896","T>G"
"intergenic(‑90/+10)::PA14_RS14420</<PA14_RS14425::asparaginase/sodium:alanine symporter family protein;;3152087;;T>G",0,24.4,23.5,24.2,18.9,4,91,"3152087","T>G"
"intergenic(‑90/+31)::PA14_RS02050</<rdgB::YggW family oxidoreductase/non‑canonical purine NTP pyrophosphatase;;443566;;G>C",0,25.7,33.2,25.1,20.7,4,104.7,"443566","G>C"
"intergenic(‑90/+61)::PA14_RS11190</<PA14_RS11195::hypothetical protein/hypothetical protein;;2396785;;A>C",0,7.9,5.9,9.1,6.6,4,29.5,"2396785","A>C"
"intergenic(‑95/+56)::PA14_RS11190</<PA14_RS11195::hypothetical protein/hypothetical protein;;2396790;;T>G",0,8.9,7.7,10.9,7.3,4,34.8,"2396790","T>G"
"intergenic(‑96/‑96)::PA14_RS19605</>PA14_RS19610::AraC family transcriptional regulator/thioredoxin family protein;;4299047;;A>C",0,22.1,21.1,0,20.3,3,63.5,"4299047","A>C"
"intergenic(‑96/+23)::PA14_RS05740</<PA14_RS05745::SLC13 family permease/ABC transporter ATP‑binding protein;;1226042;;A>C",0,0,7.3,0,5.7,2,13,"1226042","A>C"
"intergenic(+10/‑92)::asd>/>PA14_RS09650::aspartate‑semialdehyde dehydrogenase/aspartate‑semialdehyde dehydrogenase;;2068812;;C>G",0,0,5.7,11.3,0,2,17,"2068812","C>G"
"intergenic(+105/+22)::PA14_RS16335>/<PA14_RS16340::hypothetical protein/protease LasA;;3599193;;T>G",0,9.4,13.4,15.1,14.8,4,52.7,"3599193","T>G"
"intergenic(+108/+19)::PA14_RS16335>/<PA14_RS16340::hypothetical protein/protease LasA;;3599196;;A>C",0,12.8,12.6,21.9,13.5,4,60.8,"3599196","A>C"
"intergenic(+11/‑72)::PA14_RS01615>/>PA14_RS01620::polyamine transporter PotH/putrescine ABC transporter permease PotI;;357309;;C>A",0,8,10.6,7.1,9.5,4,35.2,"357309","C>A"
"intergenic(+12/‑71)::PA14_RS01615>/>PA14_RS01620::polyamine transporter PotH/putrescine ABC transporter permease PotI;;357310;;G>T",0,6.4,8.2,0,6.7,3,21.3,"357310","G>T"
"intergenic(+12/+15)::PA14_RS01820>/<PA14_RS01825::thymidylate synthase/methyltransferase;;399711;;A>C",0,8.1,0,10.2,5.9,3,24.2,"399711","A>C"
"intergenic(+12/+393)::PA14_RS18285>/<PA14_RS18290::transcriptional regulator/heme‑degrading domain‑containing protein;;4010985;;A>C",0,16.9,16,17.6,13.7,4,64.2,"4010985","A>C"
"intergenic(+121/+6)::PA14_RS16335>/<PA14_RS16340::hypothetical protein/protease LasA;;3599209;;G>C",0,0,0,8.6,6.8,2,15.4,"3599209","G>C"
"intergenic(+13/‑175)::PA14_RS06510>/>PA14_RS06515::NADH:flavin oxidoreductase/NADH oxidase/hypothetical protein;;1390306;;T>G",0,9.6,6.6,11.1,8.3,4,35.6,"1390306","T>G"
"intergenic(+13/‑76)::PA14_RS00345>/>PA14_RS00350::hypothetical protein/radical SAM protein;;78684;;G>C",0,8.1,8.3,9.1,6.2,4,31.7,"78684","G>C"
"intergenic(+13/+19)::PA14_RS20010>/<PA14_RS20015::cytochrome C protein NapC/lytic murein transglycosylase;;4376825;;A>C",0,32.4,35.3,28,28.2,4,123.9,"4376825","A>C"
"intergenic(+14/‑156)::PA14_RS06505>/>PA14_RS06510::elastase/NADH:flavin oxidoreductase/NADH oxidase;;1389031;;G>C",0,0,7.5,0,5.8,2,13.3,"1389031","G>C"
"intergenic(+14/‑53)::trbL>/>PA14_RS06215::P‑type conjugative transfer protein TrbL/hypothetical protein;;1316002;;C>G",0,26.1,22.5,29.1,16.3,4,94,"1316002","C>G"
"intergenic(+14/‑75)::PA14_RS00345>/>PA14_RS00350::hypothetical protein/radical SAM protein;;78685;;A>C",0,20.2,19.2,21.6,16.5,4,77.5,"78685","A>C"
"intergenic(+14/+44)::PA14_RS08490>/<PA14_RS08495::non‑hemolytic phospholipase C/hypothetical protein;;1826568;;G>C",0,9.2,0,8.8,6.7,3,24.7,"1826568","G>C"
"intergenic(+15/‑31)::PA14_RS07005>/>PA14_RS07010::protein‑L‑isoaspartate O‑methyltransferase/hypothetical protein;;1498068;;T>G",0,6.9,0,0,9.1,2,16,"1498068","T>G"
"intergenic(+15/‑80)::PA14_RS27255>/>PA14_RS27260::HslU‑‑HslV peptidase ATPase subunit/DUF971 domain‑containing protein;;5965880;;A>C",0,13.8,15.1,17.8,16.5,4,63.2,"5965880","A>C"
"intergenic(+15/+25)::PA14_RS01480>/<PA14_RS01485::DUF962 domain‑containing protein/hypothetical protein;;325581;;A>C",0,0,6.1,8.5,6.2,3,20.8,"325581","A>C"
"intergenic(+16/‑45)::PA14_RS05280>/>PA14_RS05285::DUF1302 domain‑containing protein/hypothetical protein;;1128155;;T>G",0,5.9,5.3,10.3,6.4,4,27.9,"1128155","T>G"
"intergenic(+16/+142)::PA14_RS15480>/<PA14_RS15485::cysteine protease/pseudouridine synthase;;3397726;;T>G",0,11.6,11.9,0,12.4,3,35.9,"3397726","T>G"
"intergenic(+165/‑31)::PA14_RS17495>/>PA14_RS17500::type VI secretion system tube protein Hcp/type VI secretion system tip protein VgrG;;3832569;;T>A",0,23.4,25.1,19.9,23.8,4,92.2,"3832569","T>A"
"intergenic(+167/+35)::PA14_RS06310>/<PA14_RS06315::hypothetical protein/N‑acetyl‑D‑glucosamine phosphotransferase system transporter;;1343409;;A>T",0,9.1,7.2,7.4,7.4,4,31.1,"1343409","A>T"
"intergenic(+169/‑79)::PA14_RS07235>/>PA14_RS30185::PhzF family phenazine biosynthesis protein/hypothetical protein;;1548637;;T>G",0,22,22,20.8,22.3,4,87.1,"1548637","T>G"
"intergenic(+17/‑50)::trbL>/>PA14_RS06215::P‑type conjugative transfer protein TrbL/hypothetical protein;;1316005;;C>G",0,30.1,25,31.1,22.5,4,108.7,"1316005","C>G"
"intergenic(+17/+388)::PA14_RS18285>/<PA14_RS18290::transcriptional regulator/heme‑degrading domain‑containing protein;;4010990;;C>A",0,9.6,7.8,14.4,10,4,41.8,"4010990","C>A"
"intergenic(+18/+17)::PA14_RS28820>/<PA14_RS28825::HlyC/CorC family transporter/hypothetical protein;;6303252;;A>C",0,9.6,9.8,11.9,8.4,4,39.7,"6303252","A>C"
"intergenic(+180/‑68)::PA14_RS07235>/>PA14_RS30185::PhzF family phenazine biosynthesis protein/hypothetical protein;;1548648;;A>C",0,17.1,15.5,18.2,14.8,4,65.6,"1548648","A>C"
"intergenic(+19/‑241)::PA14_RS20120>/>PA14_RS20125::exotoxin A/amino acid permease;;4409367;;T>G",0,10.9,15.2,12.7,10.1,4,48.9,"4409367","T>G"
"intergenic(+193/‑55)::PA14_RS07235>/>PA14_RS30185::PhzF family phenazine biosynthesis protein/hypothetical protein;;1548661;;C>G",0,18.1,16.2,13.6,14.4,4,62.3,"1548661","C>G"
"intergenic(+20/‑37)::PA14_RS11920>/>PA14_RS11925::hydrolase/DUF1427 domain‑containing protein;;2531309;;G>C",0,0,9.1,0,6.6,2,15.7,"2531309","G>C"
"intergenic(+20/+23)::PA14_RS10285>/<PA14_RS10290::soluble pyridine nucleotide transhydrogenase/glycerophosphodiester phosphodiesterase;;2220527;;T>G",0,18.9,16.4,22.5,19.5,4,77.3,"2220527","T>G"
"intergenic(+20/+38)::PA14_RS08490>/<PA14_RS08495::non‑hemolytic phospholipase C/hypothetical protein;;1826574;;T>G",0,17,15.8,18.9,14.1,4,65.8,"1826574","T>G"
"intergenic(+21/‑143)::PA14_RS01090>/>PA14_RS01095::aspartate aminotransferase family protein/spermidine/putrescine ABC transporter substrate‑binding protein;;241785;;T>G",0,6.3,0,6.1,0,2,12.4,"241785","T>G"
"intergenic(+21/‑149)::PA14_RS06505>/>PA14_RS06510::elastase/NADH:flavin oxidoreductase/NADH oxidase;;1389038;;A>C",0,0,6.3,0,5.8,2,12.1,"1389038","A>C"
"intergenic(+21/‑70)::PA14_RS02025>/>PA14_RS02030::thiazole synthase/tRNA (guanosine(46)‑N7)‑methyltransferase TrmB;;439273;;C>G",0,0,6.9,10.1,0,2,17,"439273","C>G"
"intergenic(+21/‑74)::PA14_RS27255>/>PA14_RS27260::HslU‑‑HslV peptidase ATPase subunit/DUF971 domain‑containing protein;;5965886;;A>C",0,0,10,0,7.9,2,17.9,"5965886","A>C"
"intergenic(+21/‑80)::PA14_RS22170>/>PA14_RS22175::folate‑binding protein/HDOD domain‑containing protein;;4830575;;T>G",0,13.1,9.6,9.9,11.9,4,44.5,"4830575","T>G"
"intergenic(+211/‑86)::PA14_RS18305>/>PA14_RS18310::2‑hydroxy‑3‑oxopropionate reductase/glycerate kinase;;4015967;;C>G",0,0,5.3,0,6.7,2,12,"4015967","C>G"
"intergenic(+219/‑78)::PA14_RS18305>/>PA14_RS18310::2‑hydroxy‑3‑oxopropionate reductase/glycerate kinase;;4015975;;C>G",0,0,6.5,8.1,7.6,3,22.2,"4015975","C>G"
"intergenic(+22/+15)::glpT>/<PA14_RS28185::MFS transporter/CDP‑6‑deoxy‑delta‑34‑glucoseen reductase;;6166491;;A>C",0,0,7.7,0,8.5,2,16.2,"6166491","A>C"
"intergenic(+22/+21)::PA14_RS10285>/<PA14_RS10290::soluble pyridine nucleotide transhydrogenase/glycerophosphodiester phosphodiesterase;;2220529;;A>C",0,10.2,9.3,8.6,7.8,4,35.9,"2220529","A>C"
"intergenic(+22/+44)::PA14_RS26850>/<PA14_RS26855::hypothetical protein/flavodoxin family protein;;5856967;;T>G",0,0,0,6.8,7.1,2,13.9,"5856967","T>G"
"intergenic(+222/‑75)::PA14_RS18305>/>PA14_RS18310::2‑hydroxy‑3‑oxopropionate reductase/glycerate kinase;;4015978;;C>G",0,6.2,7.3,7.9,8.7,4,30.1,"4015978","C>G"
"intergenic(+226/‑71)::PA14_RS18305>/>PA14_RS18310::2‑hydroxy‑3‑oxopropionate reductase/glycerate kinase;;4015982;;A>T",0,0,9.4,10.5,0,2,19.9,"4015982","A>T"
"intergenic(+23/‑108)::PA14_RS21975>/>acnD::2‑methylcitrate synthase/Fe/S‑dependent 2‑methylisocitrate dehydratase AcnD;;4784424;;A>C",0,0,8,0,8.3,2,16.3,"4784424","A>C"
"intergenic(+23/‑74)::acs>/>PA14_RS25600::acetate‑‑CoA ligase/DUF2236 domain‑containing protein;;5589424;;T>G",0,19,22.2,25.3,22.2,4,88.7,"5589424","T>G"
"intergenic(+24/‑100)::PA14_RS03160>/>PA14_RS03165::polyamine ABC transporter permease/ribulose‑phosphate 3‑epimerase;;682137;;T>G",0,6.1,5.1,0,0,2,11.2,"682137","T>G"
"intergenic(+24/‑164)::PA14_RS06510>/>PA14_RS06515::NADH:flavin oxidoreductase/NADH oxidase/hypothetical protein;;1390317;;A>C",0,10,7.1,12.9,9.7,4,39.7,"1390317","A>C"
"intergenic(+24/‑44)::PA14_RS14185>/>PA14_RS14190::non‑ribosomal peptide synthetase/hypothetical protein;;3103188;;T>G",0,13.2,12.3,14.8,17.8,4,58.1,"3103188","T>G"
"intergenic(+24/‑56)::arcA>/>PA14_RS27860::arginine deiminase/ornithine carbamoyltransferase;;6095836;;A>C",0,9.7,0,12.4,0,2,22.1,"6095836","A>C"
"intergenic(+24/‑601)::PA14_RS29950>/>asnB::hypothetical protein/asparagine synthetase B;;64064;;T>G",0,7.3,5.8,7.7,8.3,4,29.1,"64064","T>G"
"intergenic(+24/‑71)::PA14_RS27255>/>PA14_RS27260::HslU‑‑HslV peptidase ATPase subunit/DUF971 domain‑containing protein;;5965889;;A>C",0,0,6.9,0,6.9,2,13.8,"5965889","A>C"
"intergenic(+25/‑113)::PA14_RS23185>/>pncB::MexW/MexI family multidrug efflux RND transporter permease subunit/nicotinate phosphoribosyltransferase;;5071280;;A>C",0,0,0,6.4,7.1,2,13.5,"5071280","A>C"
"intergenic(+25/‑72)::acs>/>PA14_RS25600::acetate‑‑CoA ligase/DUF2236 domain‑containing protein;;5589426;;C>G",0,0,13.7,12.5,0,2,26.2,"5589426","C>G"
"intergenic(+25/+380)::PA14_RS18285>/<PA14_RS18290::transcriptional regulator/heme‑degrading domain‑containing protein;;4010998;;T>G",0,12.8,11.8,17.5,8.8,4,50.9,"4010998","T>G"
"intergenic(+26/‑42)::PA14_RS04120>/>PA14_RS04125::TonB‑dependent receptor/LLM class flavin‑dependent oxidoreductase;;877507;;A>C",0,6.2,9,7.3,9.1,4,31.6,"877507","A>C"
"intergenic(+26/‑73)::PA14_RS01695>/>PA14_RS01700::hypothetical protein/DNA‑binding protein;;373006;;G>C",0,10.2,9.2,0,9,3,28.4,"373006","G>C"
"intergenic(+27/‑47)::PA14_RS18120>/>PA14_RS18125::acetoin dehydrogenase/hypothetical protein;;3968572;;T>G",0,8.8,0,0,8.2,2,17,"3968572","T>G"
"intergenic(+27/‑598)::PA14_RS29950>/>asnB::hypothetical protein/asparagine synthetase B;;64067;;A>C",0,11.4,11.5,14.8,13.3,4,51,"64067","A>C"
"intergenic(+27/+8)::PA14_RS28065>/<PA14_RS28070::hypothetical protein/glycine dehydrogenase (aminomethyl‑transferring);;6140386;;A>C",0,0,0,11.9,7.6,2,19.5,"6140386","A>C"
"intergenic(+28/‑103)::PA14_RS21975>/>acnD::2‑methylcitrate synthase/Fe/S‑dependent 2‑methylisocitrate dehydratase AcnD;;4784429;;A>C",0,11.3,16.7,0,13.9,3,41.9,"4784429","A>C"
"intergenic(+28/‑55)::PA14_RS01615>/>PA14_RS01620::polyamine transporter PotH/putrescine ABC transporter permease PotI;;357326;;C>A",0,0,6.1,5.3,0,2,11.4,"357326","C>A"
"intergenic(+28/‑69)::acs>/>PA14_RS25600::acetate‑‑CoA ligase/DUF2236 domain‑containing protein;;5589429;;C>G",0,16.6,14.3,17,18.2,4,66.1,"5589429","C>G"
"intergenic(+28/‑73)::PA14_RS22170>/>PA14_RS22175::folate‑binding protein/HDOD domain‑containing protein;;4830582;;A>C",0,25,23.7,20.2,23.3,4,92.2,"4830582","A>C"
"intergenic(+29/‑129)::PA14_RS16295>/>PA14_RS16300::aldehyde oxidase/XRE family transcriptional regulator;;3582497;;T>G",0,0,9.1,11.2,9.7,3,30,"3582497","T>G"
"intergenic(+29/‑286)::PA14_RS08345>/>PA14_RS08350::chemotaxis protein methyltransferase 1/STAS domain‑containing protein;;1787268;;C>G",0,7.8,0,0,6.6,2,14.4,"1787268","C>G"
"intergenic(+29/‑65)::PA14_RS23795>/>PA14_RS23800::ABC transporter substrate‑binding protein/ABC transporter substrate‑binding protein;;5196711;;A>C",0,17.9,18.9,22.2,16.9,4,75.9,"5196711","A>C"
"intergenic(+296/‑71)::PA14_RS10070>/>PA14_RS10075::glutaredoxin family protein/cytochrome C Snr1;;2172557;;T>G",0,8.8,0,8.3,0,2,17.1,"2172557","T>G"
"intergenic(+297/‑70)::PA14_RS10070>/>PA14_RS10075::glutaredoxin family protein/cytochrome C Snr1;;2172558;;C>G",0,6.6,6.3,0,0,2,12.9,"2172558","C>G"
"intergenic(+3/‑681)::PA14_RS19690>/>PA14_RS19700::transglycosylase/hypothetical protein;;4313547;;A>C",0,0,7.5,10.3,0,2,17.8,"4313547","A>C"
"intergenic(+3/‑71)::PA14_RS18120>/>PA14_RS18125::acetoin dehydrogenase/hypothetical protein;;3968548;;A>C",0,8.4,0,10.4,0,2,18.8,"3968548","A>C"
"intergenic(+3/‑77)::arcA>/>PA14_RS27860::arginine deiminase/ornithine carbamoyltransferase;;6095815;;G>C",0,8.9,8.8,12.2,7.6,4,37.5,"6095815","G>C"
"intergenic(+30/‑53)::PA14_RS01615>/>PA14_RS01620::polyamine transporter PotH/putrescine ABC transporter permease PotI;;357328;;C>A",0,0,5.5,0,5.1,2,10.6,"357328","C>A"
"intergenic(+30/‑96)::PA14_RS06290>/>PA14_RS06295::aromatic amino acid transporter/DUF2239 domain‑containing protein;;1336114;;G>T",0,5.3,7.5,7.3,0,3,20.1,"1336114","G>T"
"intergenic(+304/‑56)::PA14_RS29780>/>PA14_RS29785::HAD‑IB family hydrolase/MFS transporter;;6515042;;T>G",0,19.1,12.9,15.7,11.5,4,59.2,"6515042","T>G"
"intergenic(+307/‑53)::PA14_RS29780>/>PA14_RS29785::HAD‑IB family hydrolase/MFS transporter;;6515045;;G>C",0,0,7.1,0,5.3,2,12.4,"6515045","G>C"
"intergenic(+31/‑141)::PA14_RS19010>/>PA14_RS19015::VOC family protein/MFS transporter;;4167186;;G>T",0,0,12,13.1,0,2,25.1,"4167186","G>T"
"intergenic(+31/‑229)::PA14_RS20120>/>PA14_RS20125::exotoxin A/amino acid permease;;4409379;;A>C",0,21.4,16.9,14.7,21.2,4,74.2,"4409379","A>C"
"intergenic(+31/‑39)::xdhC>/>guaD::xanthine dehydrogenase accessory protein XdhC/guanine deaminase;;3990232;;A>C",0,15.3,13.6,15.4,12.2,4,56.5,"3990232","A>C"
"intergenic(+31/‑52)::PA14_RS01615>/>PA14_RS01620::polyamine transporter PotH/putrescine ABC transporter permease PotI;;357329;;G>T",0,0,6.6,5.8,5.2,3,17.6,"357329","G>T"
"intergenic(+31/‑63)::PA14_RS23795>/>PA14_RS23800::ABC transporter substrate‑binding protein/ABC transporter substrate‑binding protein;;5196713;;G>C",0,14.3,16,15,14.5,4,59.8,"5196713","G>C"
"intergenic(+310/‑50)::PA14_RS29780>/>PA14_RS29785::HAD‑IB family hydrolase/MFS transporter;;6515048;;A>C",0,18.1,15.3,19.5,16.4,4,69.3,"6515048","A>C"
"intergenic(+32/‑62)::PA14_RS23795>/>PA14_RS23800::ABC transporter substrate‑binding protein/ABC transporter substrate‑binding protein;;5196714;;A>C",0,17,18.7,28.8,19.8,4,84.3,"5196714","A>C"
"intergenic(+325/+87)::PA14_RS30405>/<PA14_RS12760::hypothetical protein/hypothetical protein;;2710585;;G>T",0,0,5.3,7.8,0,2,13.1,"2710585","G>T"
"intergenic(+34/‑143)::PA14_RS14195>/>PA14_RS14200::chitinase/GntR family transcriptional regulator;;3105478;;T>G",0,8.3,6.6,9,6.5,4,30.4,"3105478","T>G"
"intergenic(+35/‑22)::PA14_RS11920>/>PA14_RS11925::hydrolase/DUF1427 domain‑containing protein;;2531324;;A>C",0,9.4,0,0,9.3,2,18.7,"2531324","A>C"
"intergenic(+35/‑32)::PA14_RS27095>/>PA14_RS27100::mechanosensitive channel MscK/hypothetical protein;;5924310;;G>C",0,7.6,10,9.9,6,4,33.5,"5924310","G>C"
"intergenic(+35/+24)::PA14_RS26840>/<PA14_RS26845::DUF3298 domain‑containing protein/phosphomethylpyrimidine synthase;;5853134;;A>C",0,8.1,6,8.2,6.8,4,29.1,"5853134","A>C"
"intergenic(+35/+41)::PA14_RS14130>/<PA14_RS14135::hypothetical protein/XRE family transcriptional regulator;;3085248;;A>C",0,8.8,0,0,7.1,2,15.9,"3085248","A>C"
"intergenic(+36/‑46)::scpB>/>PA14_RS09270::SMC‑Scp complex subunit ScpB/hypothetical protein;;1984635;;C>G",0,7,0,0,8,2,15,"1984635","C>G"
"intergenic(+36/‑58)::PA14_RS23795>/>PA14_RS23800::ABC transporter substrate‑binding protein/ABC transporter substrate‑binding protein;;5196718;;A>C",0,14.3,16.2,24.3,13.6,4,68.4,"5196718","A>C"
"intergenic(+371/+245)::PA14_RS29520>/<PA14_RS29525::homoserine kinase/TSCPD domain‑containing protein;;6461159;;G>T",0,12.9,7.9,16.2,6.8,4,43.8,"6461159","G>T"
"intergenic(+38/‑29)::PA14_RS27095>/>PA14_RS27100::mechanosensitive channel MscK/hypothetical protein;;5924313;;C>A",0,0,9.8,11.6,0,2,21.4,"5924313","C>A"
"intergenic(+38/+198)::PA14_RS01430>/<PA14_RS29995::5‑aminovalerate aminotransferase DavT/hypothetical protein;;316677;;T>G",0,9.7,8.4,8.3,8.8,4,35.2,"316677","T>G"
"intergenic(+40/‑27)::PA14_RS08750>/>PA14_RS08755::N‑acetyltransferase/AraC family transcriptional regulator;;1888094;;T>G",0,22,20.5,23.8,23.2,4,89.5,"1888094","T>G"
"intergenic(+40/‑43)::PA14_RS01615>/>PA14_RS01620::polyamine transporter PotH/putrescine ABC transporter permease PotI;;357338;;G>T",0,5.2,8.1,5.7,6,4,25,"357338","G>T"
"intergenic(+40/‑64)::PA14_RS06695>/>tsaB::adenylate kinase/tRNA (adenosine(37)‑N6)‑threonylcarbamoyltransferase complex dimerization subunit type 1 TsaB;;1431110;;T>G",0,0,11.3,16.3,0,2,27.6,"1431110","T>G"
"intergenic(+406/+58)::PA14_RS25445>/<PA14_RS25450::cAMP‑binding protein A/hypothetical protein;;5556244;;C>G",0,11.1,0,0,11,2,22.1,"5556244","C>G"
"intergenic(+41/‑61)::PA14_RS29025>/>PA14_RS29030::dimethylglycine catabolism protein DgcA/DUF3483 domain‑containing protein;;6350898;;T>A",0,11.4,9.6,11.1,10.6,4,42.7,"6350898","T>A"
"intergenic(+42/‑130)::PA14_RS19010>/>PA14_RS19015::VOC family protein/MFS transporter;;4167197;;Δ1bp",0,9.6,10.1,12.1,0,3,31.8,"4167197","Δ1bp"
"intergenic(+42/‑40)::scpB>/>PA14_RS09270::SMC‑Scp complex subunit ScpB/hypothetical protein;;1984641;;A>C",0,32.2,30.6,29.9,32.8,4,125.5,"1984641","A>C"
"intergenic(+43/‑27)::xdhC>/>guaD::xanthine dehydrogenase accessory protein XdhC/guanine deaminase;;3990244;;T>G",0,7.2,0,7.4,6.4,3,21,"3990244","T>G"
"intergenic(+43/+15)::PA14_RS08490>/<PA14_RS08495::non‑hemolytic phospholipase C/hypothetical protein;;1826597;;C>G",0,0,0,7.5,5.7,2,13.2,"1826597","C>G"
"intergenic(+44/‑140)::PA14_RS08305>/>PA14_RS08310::glutamine synthetase/MFS transporter;;1780662;;T>G",0,9.4,6.1,8.1,7.1,4,30.7,"1780662","T>G"
"intergenic(+45/‑22)::PA14_RS08750>/>PA14_RS08755::N‑acetyltransferase/AraC family transcriptional regulator;;1888099;;A>C",0,10.9,9.8,9.4,12.1,4,42.2,"1888099","A>C"
"intergenic(+45/‑57)::PA14_RS24785>/>PA14_RS24790::RNA 3'‑terminal phosphate cyclase/hypothetical protein;;5408226;;A>C",0,0,6.9,0,5.4,2,12.3,"5408226","A>C"
"intergenic(+45/‑81)::PA14_RS06290>/>PA14_RS06295::aromatic amino acid transporter/DUF2239 domain‑containing protein;;1336129;;G>T",0,5.8,0,5.7,6.1,3,17.6,"1336129","G>T"
"intergenic(+47/‑159)::PA14_RS01815>/>PA14_RS01820::prolipoprotein diacylglyceryl transferase/thymidylate synthase;;398746;;T>G",0,6.6,6,9.3,6.9,4,28.8,"398746","T>G"
"intergenic(+48/‑54)::PA14_RS29025>/>PA14_RS29030::dimethylglycine catabolism protein DgcA/DUF3483 domain‑containing protein;;6350905;;A>C",0,0,0,7.5,5.5,2,13,"6350905","A>C"
"intergenic(+482/+134)::PA14_RS29520>/<PA14_RS29525::homoserine kinase/TSCPD domain‑containing protein;;6461270;;C>A",0,15.4,12.9,0,7.8,3,36.1,"6461270","C>A"
"intergenic(+49/‑265)::PA14_RS27635>/>PA14_RS27640::23‑bisphosphoglycerate‑independent phosphoglycerate mutase/CPBP family intramembrane metalloprotease;;6051893;;A>T",0,0,8.2,13.4,6,3,27.6,"6051893","A>T"
"intergenic(+5/‑81)::ggt>/>PA14_RS19090::gamma‑glutamyltranspeptidase/asparaginase;;4182933;;A>C",0,6.7,6.7,8.5,9,4,30.9,"4182933","A>C"
"intergenic(+504/+112)::PA14_RS29520>/<PA14_RS29525::homoserine kinase/TSCPD domain‑containing protein;;6461292;;C>G",0,0,6.8,0,5.7,2,12.5,"6461292","C>G"
"intergenic(+51/‑264)::PA14_RS08345>/>PA14_RS08350::chemotaxis protein methyltransferase 1/STAS domain‑containing protein;;1787290;;T>G",0,15.7,12.9,0,8.9,3,37.5,"1787290","T>G"
"intergenic(+52/‑32)::PA14_RS11425>/>PA14_RS11430::hypothetical protein/hypothetical protein;;2437278;;A>C",0,0,7.2,8,5.8,3,21,"2437278","A>C"
"intergenic(+53/‑32)::PA14_RS11175>/>PA14_RS11180::tRNA‑Gly/tRNA‑Gly;;2395675;;C>A",0,12.3,5.4,6.2,5.1,4,29,"2395675","C>A"
"intergenic(+547/‑165)::PA14_RS24230>/>PA14_RS24235::hypothetical protein/DUF3577 domain‑containing protein;;5290113;;G>T",0,10.4,0,0,10.3,2,20.7,"5290113","G>T"
"intergenic(+55/‑222)::PA14_RS15675>/>PA14_RS15680::sigma‑54‑dependent Fis family transcriptional regulator/transporter;;3441696;;C>A",0,0,6,0,5.1,2,11.1,"3441696","C>A"
"intergenic(+55/‑83)::PA14_RS24700>/>PA14_RS24705::octaprenyl‑diphosphate synthase/hypothetical protein;;5390353;;G>T",0,0,0,11.6,8.9,2,20.5,"5390353","G>T"
"intergenic(+56/‑89)::ahpC>/>PA14_RS00710::alkyl hydroperoxide reductase subunit C/alkyl hydroperoxide reductase subunit F;;156783;;C>G",0,0,10,17.1,0,2,27.1,"156783","C>G"
"intergenic(+565/‑147)::PA14_RS24230>/>PA14_RS24235::hypothetical protein/DUF3577 domain‑containing protein;;5290131;;G>T",0,7.9,0,0,8.3,2,16.2,"5290131","G>T"
"intergenic(+58/‑126)::PA14_RS08305>/>PA14_RS08310::glutamine synthetase/MFS transporter;;1780676;;T>G",0,6.5,0,0,5.6,2,12.1,"1780676","T>G"
"intergenic(+58/‑35)::PA14_RS09580>/>PA14_RS09585::hypothetical protein/tRNA dihydrouridine(16) synthase DusC;;2056389;;G>T",0,8.7,11.2,13.1,8.2,4,41.2,"2056389","G>T"
"intergenic(+59/‑125)::PA14_RS08305>/>PA14_RS08310::glutamine synthetase/MFS transporter;;1780677;;C>G",0,8.2,6.9,7.5,6.4,4,29,"1780677","C>G"
"intergenic(+6/‑77)::PA14_RS01615>/>PA14_RS01620::polyamine transporter PotH/putrescine ABC transporter permease PotI;;357304;;C>A",0,0,7,0,8.1,2,15.1,"357304","C>A"
"intergenic(+62/‑347)::PA14_RS18095>/>PA14_RS18100::hypothetical protein/multidrug/spermidine transporter subunit MdtJ;;3964225;;C>A",0,0,9.7,9,7.8,3,26.5,"3964225","C>A"
"intergenic(+63/‑38)::PA14_RS09305>/>PA14_RS09310::carbohydrate ABC transporter substrate‑binding protein/sugar ABC transporter permease;;1993631;;A>C",0,8.9,0,0,8.7,2,17.6,"1993631","A>C"
"intergenic(+630/+254)::PA14_RS16005>/<PA14_RS16010::hypothetical protein/DUF4354 domain‑containing protein;;3515876;;T>A",0,0,0,9.1,6.4,2,15.5,"3515876","T>A"
"intergenic(+632/+252)::PA14_RS16005>/<PA14_RS16010::hypothetical protein/DUF4354 domain‑containing protein;;3515878;;T>A",0,6.8,7.7,10,7,4,31.5,"3515878","T>A"
"intergenic(+638/+246)::PA14_RS16005>/<PA14_RS16010::hypothetical protein/DUF4354 domain‑containing protein;;3515884;;A>C",0,16.2,13.2,16.6,13.8,4,59.8,"3515884","A>C"
"intergenic(+64/+362)::PA14_RS07015>/<PA14_RS07020::RNA polymerase sigma factor RpoS/Ferredoxin 1;;1500165;;G>T",0,6.8,7,5.6,5.7,4,25.1,"1500165","G>T"
"intergenic(+65/+80)::PA14_RS26455>/<PA14_RS26460::TonB‑dependent receptor/outer membrane porin OprD family;;5765786;;A>C",0,6.5,5.9,0,0,2,12.4,"5765786","A>C"
"intergenic(+69/‑9)::speD>/>PA14_RS25810::S‑adenosylmethionine decarboxylase proenzyme/spermidine synthase;;5634061;;A>C",0,0,8.1,0,5.6,2,13.7,"5634061","A>C"
"intergenic(+7/‑158)::PA14_RS19470>/>PA14_RS19475::MFS transporter/AraC family transcriptional regulator;;4264346;;C>G",0,13.2,13.1,13.5,9.1,4,48.9,"4264346","C>G"
"intergenic(+7/‑82)::PA14_RS00345>/>PA14_RS00350::hypothetical protein/radical SAM protein;;78678;;G>C",0,7.8,7.7,0,0,2,15.5,"78678","G>C"
"intergenic(+70/‑37)::PA14_RS05215>/>PA14_RS05220::taurine ABC transporter permease/taurine dioxygenase;;1110204;;A>C",0,17.9,0,25.3,17.3,3,60.5,"1110204","A>C"
"intergenic(+72/+18)::PA14_RS18840>/<PA14_RS18845::oxidoreductase/hypothetical protein;;4130091;;G>C",0,7.7,9.6,0,10.1,3,27.4,"4130091","G>C"
"intergenic(+73/‑11)::PA14_RS04920>/>PA14_RS31135::alpha/beta hydrolase/alpha/beta hydrolase;;1051362;;T>G",0,7.4,6.9,0,0,2,14.3,"1051362","T>G"
"intergenic(+8/‑86)::PA14_RS18710>/>PA14_RS18715::cytosine permease/sodium:solute symport protein;;4099928;;T>A",0,0,6.6,8.6,0,2,15.2,"4099928","T>A"
"intergenic(+82/‑327)::PA14_RS18095>/>PA14_RS18100::hypothetical protein/multidrug/spermidine transporter subunit MdtJ;;3964245;;G>T",0,0,7.8,6.3,6.4,3,20.5,"3964245","G>T"
"intergenic(+83/+7)::PA14_RS18840>/<PA14_RS18845::oxidoreductase/hypothetical protein;;4130102;;A>T",0,6.8,8.2,0,6.4,3,21.4,"4130102","A>T"
"intergenic(+85/+13)::PA14_RS16685>/<PA14_RS16690::enoyl‑ACP reductase/peptidyl‑prolyl cis‑trans isomerase;;3673536;;T>C",0,93.3,93.9,92.1,93.6,4,372.9,"3673536","T>C"
"intergenic(+85/+13)::PA14_RS16685>/<PA14_RS16690::enoyl‑ACP reductase/peptidyl‑prolyl cis‑trans isomerase;;3673536:1;;+C",0,6.8,6,7.8,6.4,4,27,"3673536:1","+C"
"intergenic(+86/‑339)::PA14_RS26250>/>urtA::MarC family protein/urea ABC transporter substrate‑binding protein;;5726777;;A>C",0,22.4,20.7,20.3,18.6,4,82,"5726777","A>C"
"intergenic(+9/‑52)::PA14_RS05280>/>PA14_RS05285::DUF1302 domain‑containing protein/hypothetical protein;;1128148;;G>C",0,0,5.3,7.1,0,2,12.4,"1128148","G>C"
"intergenic(+97/+30)::PA14_RS16335>/<PA14_RS16340::hypothetical protein/protease LasA;;3599185;;A>C",0,18.1,17.5,24.7,18.1,4,78.4,"3599185","A>C"
"K27T(AAG>ACG)::PA14_RS13890<::type VI secretion system contractile sheath large subunit;;3029062;;T>G",0,0,8.6,7.2,8.6,3,24.4,"3029062","T>G"
"K36N(AAG>AAC)::PA14_RS30495<::hypothetical protein;;3114327;;C>G",0,7.6,7.8,0,0,2,15.4,"3114327","C>G"
"K62N(AAA>AAC)::PA14_RS05620<::ATP‑dependent RNA helicase RhlB;;1204396;;T>G",0,9.6,6.6,10.5,0,3,26.7,"1204396","T>G"
"K64T(AAG>ACG)::PA14_RS19130<::heme‑degrading domain‑containing protein;;4192817;;T>G",0,0,10,0,7.6,2,17.6,"4192817","T>G"
"K75N(AAG>AAT)::PA14_RS29915>::glycosyltransferase WbuB;;2038311;;G>T",0,5.1,6.4,6.6,6,4,24.1,"2038311","G>T"
"K91T(AAG>ACG)::PA14_RS13020>::2‑Cys peroxiredoxin;;2767343;;A>C",0,6.6,6.9,0,0,2,13.5,"2767343","A>C"
"K92N(AAG>AAT)::PA14_RS18715>::sodium:solute symport protein;;4100289;;G>T",0,7.2,0,0,6.3,2,13.5,"4100289","G>T"
"L105R(CTC>CGC)::PA14_RS17280>::EscN/YscN/HrcN family type III secretion system ATPase;;3788080;;T>G",0,0,0,7,5.7,2,12.7,"3788080","T>G"
"L108R(CTG>CGG)::PA14_RS09440>::cytidylate kinase;;2023522;;T>G",0,0,6.1,9.9,6.1,3,22.1,"2023522","T>G"
"L123R(CTC>CGC)::PA14_RS11305<::HAD family phosphatase;;2414965;;A>C",0,0,10.5,17,0,2,27.5,"2414965","A>C"
"L128R(CTC>CGC)::PA14_RS02500>::TetR/AcrR family transcriptional regulator;;548720;;T>G",0,0,9.3,0,9.1,2,18.4,"548720","T>G"
"L129R(CTC>CGC)::PA14_RS16155>::dienelactone hydrolase;;3553450;;T>G",0,0,5.8,8.4,0,2,14.2,"3553450","T>G"
"L129R(CTG>CGG)::cobG>::precorrin‑3B synthase;;2308557;;T>G",0,13.4,14.1,13.8,14.4,4,55.7,"2308557","T>G"
"L1317R(CTC>CGC)::PA14_RS02190>::chemotaxis protein CheA;;472813;;T>G",0,0,0,5.9,6.1,2,12,"472813","T>G"
"L133R(CTG>CGG)::PA14_RS16400<::class I SAM‑dependent methyltransferase;;3612994;;A>C",0,7.5,6.3,0,5.2,3,19,"3612994","A>C"
"L134R(CTG>CGG)::PA14_RS04690<::DUF4340 domain‑containing protein;;1003103;;A>C",0,18.7,19.8,0,20.3,3,58.8,"1003103","A>C"
"L138V(CTG>GTG)::PA14_RS04690<::DUF4340 domain‑containing protein;;1003092;;G>C",0,0,12.8,14.5,0,2,27.3,"1003092","G>C"
"L139R(CTG>CGG)::ccmI<::c‑type cytochrome biogenesis protein CcmI;;4036332;;A>C",0,10.9,7.6,12.8,10.2,4,41.5,"4036332","A>C"
"L140L(CTC>CTA)::PA14_RS08245>::hypothetical protein;;1766614;;C>A",0,5.4,5.2,0,7.4,3,18,"1766614","C>A"
"L146R(CTG>CGG)::PA14_RS00110>::threonylcarbamoyl‑AMP synthase;;24458;;T>G",0,5.3,0,0,5.3,2,10.6,"24458","T>G"
"L1488R(CTG>CGG)::PA14_RS08450<::non‑ribosomal peptide synthetase;;1812213;;A>C",0,9.7,10,9.4,8.9,4,38,"1812213","A>C"
"L148M(CTG>ATG)::PA14_RS20100>::hypothetical protein;;4402232;;C>A",0,0,7.6,10.7,0,2,18.3,"4402232","C>A"
"L149R(CTG>CGG)::PA14_RS05675>::hypothetical protein;;1214206;;T>G",0,9.6,7.1,9.2,9.3,4,35.2,"1214206","T>G"
"L150R(CTG>CGG)::PA14_RS08510<::ABC transporter permease;;1829165;;A>C",0,0,7.5,8.7,6.2,3,22.4,"1829165","A>C"
"L161R(CTG>CGG)::PA14_RS15230<::iron dicitrate transporter FecR;;3331078;;A>C",0,9.5,0,11.4,13.5,3,34.4,"3331078","A>C"
"L1741R(CTG>CGG)::PA14_RS13705>::non‑ribosomal peptide synthetase;;2961836;;T>G",0,5.4,5.1,6.6,0,3,17.1,"2961836","T>G"
"L177R(CTG>CGG)::PA14_RS23685<::metalloprotease TldD;;5166959;;A>C",0,0,11.6,10.7,9.9,3,32.2,"5166959","A>C"
"L188R(CTG>CGG)::PA14_RS26475<::benzoylformate decarboxylase;;5771182;;A>C",0,0,5.5,0,6.9,2,12.4,"5771182","A>C"
"L193R(CTC>CGC)::PA14_RS07925<::FAD‑dependent oxidoreductase;;1704922;;A>C",0,8.2,6.9,8.3,7,4,30.4,"1704922","A>C"
"L193R(CTG>CGG)::PA14_RS19435>::hydroxyproline‑2‑epimerase;;4256790;;T>G",0,0,6.2,0,8.2,2,14.4,"4256790","T>G"
"L197R(CTG>CGG)::PA14_RS07925<::FAD‑dependent oxidoreductase;;1704910;;A>C",0,12.1,10.5,12.5,11.1,4,46.2,"1704910","A>C"
"L19R(CTG>CGG)::PA14_RS00795>::efflux RND transporter periplasmic adaptor subunit;;176222;;T>G",0,7.1,8.4,10,7.6,4,33.1,"176222","T>G"
"L201R(CTG>CGG)::PA14_RS20570<::EamA/RhaT family transporter;;4501399;;A>C",0,0,7.8,0,9.9,2,17.7,"4501399","A>C"
"L202R(CTC>CGC)::PA14_RS21930<::aldo/keto reductase;;4774825;;A>C",0,10.3,10.3,9,7.6,4,37.2,"4774825","A>C"
"L204L(CTC>CTA)::PA14_RS23400<::UDP‑N‑acetylmuramoyl‑L‑alanyl‑D‑glutamate‑‑2 6‑diaminopimelate ligase;;5115551;;G>T",0,14.1,10.9,0,11.8,3,36.8,"5115551","G>T"
"L206I(CTC>ATC)::PA14_RS19835>::amino acid APC transporter;;4342734;;C>A",0,0,7.1,5.4,0,2,12.5,"4342734","C>A"
"L209R(CTG>CGG)::PA14_RS18320>::transporter;;4019745;;T>G",0,11.7,11.9,18.3,12.6,4,54.5,"4019745","T>G"
"L211R(CTG>CGG)::PA14_RS18320>::transporter;;4019751;;T>G",0,16.8,0,22.7,18.4,3,57.9,"4019751","T>G"
"L212R(CTG>CGG)::PA14_RS00190>::LysR family transcriptional regulator;;39857;;T>G",0,7,6,0,0,2,13,"39857","T>G"
"L214R(CTG>CGG)‡::PA14_RS18320>::transporter;;4019760;;T>G",0,12.2,13.6,11,14.2,4,51,"4019760","T>G"
"L214V(CTG>GTG)‡::PA14_RS18320>::transporter;;4019759;;C>G",0,9.3,8.3,9.7,9.5,4,36.8,"4019759","C>G"
"L215R(CTG>CGG)‡::PA14_RS18320>::transporter;;4019763;;T>G",0,13.4,12.3,14.3,11.5,4,51.5,"4019763","T>G"
"L215V(CTG>GTG)‡::PA14_RS18320>::transporter;;4019762;;C>G",0,8.3,11.9,14.2,8.2,4,42.6,"4019762","C>G"
"L220R(CTG>CGG)::PA14_RS18865<::erythronate‑4‑phosphate dehydrogenase;;4135623;;A>C",0,15.4,15.9,24.5,21.5,4,77.3,"4135623","A>C"
"L221R(CTC>CGC)::PA14_RS18865<::erythronate‑4‑phosphate dehydrogenase;;4135620;;A>C",0,8.6,12.9,15,16,4,52.5,"4135620","A>C"
"L221R(CTG>CGG)::PA14_RS26485<::MFS transporter;;5773417;;A>C",0,11.2,14.1,9.9,11.3,4,46.5,"5773417","A>C"
"L223R(CTC>CGC)::PA14_RS18320>::transporter;;4019787;;T>G",0,33.6,28.2,36.6,34.5,4,132.9,"4019787","T>G"
"L226R(CTC>CGC)::PA14_RS26485<::MFS transporter;;5773402;;A>C",0,0,6.6,11.5,7,3,25.1,"5773402","A>C"
"L226R(CTG>CGG)::PA14_RS29030>::DUF3483 domain‑containing protein;;6351635;;T>G",0,10.1,0,0,6.4,2,16.5,"6351635","T>G"
"L238L(CTC>CTA)::PA14_RS05300>::hypothetical protein;;1136248;;C>A",0,6,0,0,8.5,2,14.5,"1136248","C>A"
"L23I(CTC>ATC)::ccoG>::cytochrome c oxidase accessory protein CcoG;;3954251;;C>A",0,7.6,0,0,8.2,2,15.8,"3954251","C>A"
"L243R(CTC>CGC)::PA14_RS26485<::MFS transporter;;5773351;;A>C",0,0,8.8,0,7.9,2,16.7,"5773351","A>C"
"L245R(CTG>CGG)::PA14_RS08005>::iron dicitrate transporter FecR;;1721474;;T>G",0,27.7,0,0,23.6,2,51.3,"1721474","T>G"
"L25R(CTG>CGG)::PA14_RS14470<::FAD‑binding dehydrogenase;;3163482;;A>C",0,5.8,5.5,7.5,0,3,18.8,"3163482","A>C"
"L262R(CTG>CGG)::PA14_RS01735<::ABC transporter ATP‑binding protein;;380515;;A>C",0,6.2,7.1,0,6.1,3,19.4,"380515","A>C"
"L27F(TTG>TTT)::PA14_RS30025>::hypothetical protein;;511048;;G>T",0,5.8,7.5,0,7.5,3,20.8,"511048","G>T"
"L283R(CTG>CGG)::PA14_RS21685>::serine/threonine dehydratase;;4721975;;T>G",0,0,5.8,0,6.2,2,12,"4721975","T>G"
"L286R(CTG>CGG)::PA14_RS15425<::transcriptional regulator CynR;;3386070;;A>C",0,9.3,0,8.9,9.7,3,27.9,"3386070","A>C"
"L295R(CTG>CGG)::PA14_RS28800>::4‑hydroxybenzoate octaprenyltransferase;;6299107;;T>G",0,0,5.6,7.2,5.9,3,18.7,"6299107","T>G"
"L296V(CTG>GTG)::PA14_RS21685>::serine/threonine dehydratase;;4722013;;C>G",0,0,5.9,6.5,0,2,12.4,"4722013","C>G"
"L29R(CTC>CGC)::PA14_RS00900<::methyl‑accepting chemotaxis protein;;200414;;A>C",0,16.1,15.8,16.3,12.5,4,60.7,"200414","A>C"
"L308R(CTG>CGG)::PA14_RS01535>::3‑guanidinopropionate transporter;;337249;;T>G",0,0,10.6,10.6,0,2,21.2,"337249","T>G"
"L30R(CTG>CGG)::PA14_RS25735<::4‑hydroxy‑tetrahydrodipicolinate reductase;;5617733;;A>C",0,13.9,12.4,18.4,12.7,4,57.4,"5617733","A>C"
"L31M(CTG>ATG)::PA14_RS25320>::hypothetical protein;;5526069;;C>A",0,0,0,9.2,6.9,2,16.1,"5526069","C>A"
"L32R(CTC>CGC)::PA14_RS00730<::ion channel protein Tsx;;163167;;A>C",0,0,0,5.9,6.6,2,12.5,"163167","A>C"
"L348V(CTG>GTG)::gabP<::GABA permease;;144267;;G>C",0,10.3,11.5,12.6,9.2,4,43.6,"144267","G>C"
"L358R(CTG>CGG)::PA14_RS15380<::hypothetical protein;;3372266;;A>C",0,0,0,7,6.3,2,13.3,"3372266","A>C"
"L37R(CTG>CGG)::PA14_RS08090<::copper‑binding protein;;1740248;;A>C",0,13.2,0,0,9.3,2,22.5,"1740248","A>C"
"L390R(CTG>CGG)::PA14_RS04080<::MFS transporter;;867378;;A>C",0,22.9,24.1,18,27.9,4,92.9,"867378","A>C"
"L39R(CTG>CGG)::bioF>::8‑amino‑7‑oxononanoate synthase;;570896;;T>G",0,0,6,0,7.9,2,13.9,"570896","T>G"
"L425R(CTG>CGG)::PA14_RS22180<::sensor histidine kinase;;4831608;;A>C",0,0,0,8.4,7.5,2,15.9,"4831608","A>C"
"L504R(CTG>CGG)::PA14_RS04785>::sigma‑54‑dependent Fis family transcriptional regulator;;1025827;;T>G",0,9,13.3,11.6,13.6,4,47.5,"1025827","T>G"
"L51R(CTG>CGG)::PA14_RS02130<::dihydroorotase;;459277;;A>C",0,15.3,10.8,9.9,11.9,4,47.9,"459277","A>C"
"L541L(CTC>CTA)::PA14_RS29095<::hypothetical protein;;6361928;;G>T",0,6.7,9.1,9,0,3,24.8,"6361928","G>T"
"L54R(CTC>CGC)::PA14_RS28130<::hypothetical protein;;6155630;;A>C",0,15.8,10.8,12.6,14.5,4,53.7,"6155630","A>C"
"L55F(TTA>TTT)::PA14_RS30035>::hypothetical protein;;542813;;A>T",0,0,6.5,0,6.1,2,12.6,"542813","A>T"
"L70R(CTG>CGG)::PA14_RS30395<::hypothetical protein;;2703399;;A>C",0,16.8,17.1,16,16.6,4,66.5,"2703399","A>C"
"L730R(CTG>CGG)::PA14_RS05290>::transcriptional regulator;;1132089;;T>G",0,18.4,21.8,27.2,17.3,4,84.7,"1132089","T>G"
"L757R(CTG>CGG)::PA14_RS14235>::membrane‑bound PQQ‑dependent dehydrogenase glucose/quinate/shikimate family;;3114125;;T>G",0,6.8,6.5,0,7.7,3,21,"3114125","T>G"
"L84R(CTG>CGG)::PA14_RS18770>::nucleotidyltransferase domain‑containing protein;;4114906;;T>G",0,8.6,6,10.8,6.8,4,32.2,"4114906","T>G"
"L89R(CTC>CGC)::PA14_RS23325<::bifunctional glutamate N‑acetyltransferase/amino‑acid N‑acetyltransferase;;5097012;;A>C",0,20.6,22.3,26.1,22,4,91,"5097012","A>C"
"L8F(TTG>TTT)::PA14_RS07435<::GDP‑mannose 6‑dehydrogenase;;1595285;;C>A",0,0,5.2,0,5.1,2,10.3,"1595285","C>A"
"L900R(CTG>CGG)::PA14_RS20415<::glycosyl transferase family 1;;4469617;;A>C",0,0,0,6.3,6.1,2,12.4,"4469617","A>C"
"L904R(CTG>CGG)::ptsP>::phosphoenolpyruvate‑‑protein phosphotransferase;;1566429;;T>G",0,7.8,7.3,0,6.4,3,21.5,"1566429","T>G"
"L90L(CTG>CTT)::PA14_RS18715>::sodium:solute symport protein;;4100283;;G>T",0,8.2,0,6.9,0,2,15.1,"4100283","G>T"
"L90R(CTC>CGC)::PA14_RS14120>::serine hydrolase;;3082251;;T>G",0,8.3,10.9,0,8.3,3,27.5,"3082251","T>G"
"L90R(CTG>CGG)::PA14_RS17190<::YscB family type III secretion system chaperone;;3775460;;A>C",0,0,9.4,10.5,0,2,19.9,"3775460","A>C"
"L9R(CTC>CGC)::PA14_RS20530<::histidine kinase;;4496266;;A>C",0,7.4,6.8,10.9,7.6,4,32.7,"4496266","A>C"
"N142H(AAC>CAC)‡::PA14_RS05535>::NarK/NasA family nitrate transporter;;1181240;;A>C",0,0,7.9,0,9.4,2,17.3,"1181240","A>C"
"N142T(AAC>ACC)‡::PA14_RS05535>::NarK/NasA family nitrate transporter;;1181241;;A>C",0,0,6.8,0,6.8,2,13.6,"1181241","A>C"
"N39T(AAC>ACC)::PA14_RS00405<::type VI secretion system lipoprotein TssJ;;95751;;T>G",0,5.1,7.4,6.6,8,4,27.1,"95751","T>G"
"N451K(AAT>AAA)::PA14_RS24030>::hypothetical protein;;5248306;;T>A",0,12.3,0,11.4,5.5,3,29.2,"5248306","T>A"
"N490K(AAT>AAA)::PA14_RS24030>::hypothetical protein;;5248423;;T>A",0,12.9,8.5,10.3,6.1,4,37.8,"5248423","T>A"
"noncoding(18/85nt)::PA14_RS16755<::tRNA‑Leu;;3687081;;C>A",0,0,0,5.5,5.2,2,10.7,"3687081","C>A"
"P137P(CCG>CCC)::PA14_RS19465<::XRE family transcriptional regulator;;4262448;;C>G",0,0,8.8,7,7.1,3,22.9,"4262448","C>G"
"P181P(CCG>CCC)::PA14_RS19460>::LysR family transcriptional regulator;;4261293;;G>C",0,0,6.8,0,6.1,2,12.9,"4261293","G>C"
"P189H(CCC>CAC)::PA14_RS06350>::CoA pyrophosphatase;;1352662;;C>A",0,8.6,0,0,8.8,2,17.4,"1352662","C>A"
"P233P(CCT>CCG)::PA14_RS26485<::MFS transporter;;5773380;;A>C",0,11.1,14.3,20.4,11.4,4,57.2,"5773380","A>C"
"P29T(CCC>ACC)::PA14_RS25320>::hypothetical protein;;5526063;;C>A",0,0,6.2,9.2,0,2,15.4,"5526063","C>A"
"P30P(CCG>CCC)::PA14_RS17935<::DUF1287 domain‑containing protein;;3929353;;C>G",0,6.1,0,0,7.4,2,13.5,"3929353","C>G"
"P37P(CCA>CCC)::PA14_RS18490<::chemotaxis protein CheW;;4050953;;T>G",0,6.1,0,0,5.1,2,11.2,"4050953","T>G"
"P435A(CCC>GCC)::PA14_RS24030>::hypothetical protein;;5248256;;C>G",0,5,5.1,0,0,2,10.1,"5248256","C>G"
"P471A(CCC>GCC)::PA14_RS24030>::hypothetical protein;;5248364;;C>G",0,6.9,0,6.2,0,2,13.1,"5248364","C>G"
"P4Q(CCG>CAG)::PA14_RS26405<::MFS transporter;;5755164;;G>T",0,7.5,6.5,0,0,2,14,"5755164","G>T"
"P53A(CCG>GCG)::PA14_RS09180<::hypothetical protein;;1970463;;G>C",0,0,6.9,11.3,7.2,3,25.4,"1970463","G>C"
"P760Q(CCA>CAA)::PA14_RS13395<::sugar‑binding protein;;2870825;;G>T",0,9.7,0,10.4,10.3,3,30.4,"2870825","G>T"
"P7P(CCC>CCA)::PA14_RS04080<::MFS transporter;;868526;;G>T",0,0,0,5.6,5.6,2,11.2,"868526","G>T"
"P81P(CCC>CCA)::PA14_RS00345>::hypothetical protein;;78638;;C>A",0,0,6.6,0,5.9,2,12.5,"78638","C>A"
"pseudogene(101/250nt)::PA14_RS30055>::hypothetical protein;;603041;;A>C",0,11.4,12.9,13.4,10.8,4,48.5,"603041","A>C"
"pseudogene(1044/1970nt)::PA14_RS19140<::protease;;4194889;;C>G",0,0,6.2,8.6,0,2,14.8,"4194889","C>G"
"pseudogene(107/250nt)::PA14_RS30055>::hypothetical protein;;603047;;G>C",0,0,8.5,10.5,0,2,19,"603047","G>C"
"pseudogene(686/1970nt)::PA14_RS19140<::protease;;4195247;;T>G",0,8.7,8.3,12.1,6.3,4,35.4,"4195247","T>G"
"pseudogene(695/1970nt)::PA14_RS19140<::protease;;4195238;;T>G",0,14.8,15.7,16.9,13.2,4,60.6,"4195238","T>G"
"pseudogene(701/1970nt)::PA14_RS19140<::protease;;4195232;;C>G",0,0,5.9,6.6,0,2,12.5,"4195232","C>G"
"pseudogene(719/1970nt)::PA14_RS19140<::protease;;4195214;;A>C",0,10.3,10.7,11.4,9,4,41.4,"4195214","A>C"
"pseudogene(720/1970nt)::PA14_RS19140<::protease;;4195213;;G>C",0,17.3,19.7,22.5,15.1,4,74.6,"4195213","G>C"
"pseudogene(839/1499nt)::PA14_RS00410<::FHA domain‑containing protein;;96571;;T>G",0,26.2,0,0,25.7,2,51.9,"96571","T>G"
"pseudogene(861/1499nt)::PA14_RS00410<::FHA domain‑containing protein;;96549;;T>G",0,26.7,0,0,29.7,2,56.4,"96549","T>G"
"pseudogene(865/1499nt)::PA14_RS00410<::FHA domain‑containing protein;;96545;;T>G",0,10.2,8.1,9.8,12.7,4,40.8,"96545","T>G"
"pseudogene(880/1499nt)::PA14_RS00410<::FHA domain‑containing protein;;96530;;T>G",0,0,0,9.2,7.9,2,17.1,"96530","T>G"
"pseudogene(889/1499nt)::PA14_RS00410<::FHA domain‑containing protein;;96521;;C>G",0,7.8,0,8.6,0,2,16.4,"96521","C>G"
"Q144H(CAA>CAC)::PA14_RS09655>::peptidoglycan‑binding protein LysM;;2070514;;A>C",0,9.8,6.6,0,6.1,3,22.5,"2070514","A>C"
"Q169P(CAG>CCG)::PA14_RS18975<::threonine/homoserine exporter RhtA;;4162473;;T>G",0,6.6,5.1,0,0,2,11.7,"4162473","T>G"
"Q1810L(CAG>CTG)::PA14_RS25000<::hypothetical protein;;5459426;;T>A",0,5.7,0,5.7,0,2,11.4,"5459426","T>A"
"Q201H(CAG>CAC)‡::PA14_RS00190>::LysR family transcriptional regulator;;39825;;G>C",0,10.7,0,0,6,2,16.7,"39825","G>C"
"Q201P(CAG>CCG)::PA14_RS00190>::LysR family transcriptional regulator;;39824;;A>C",0,0,20.6,19.9,0,2,40.5,"39824","A>C"
"Q201P(CAG>CCG)‡::PA14_RS00190>::LysR family transcriptional regulator;;39824;;A>C",0,23.5,0,0,17.7,2,41.2,"39824","A>C"
"Q219P(CAG>CCG)::ilvA>::threonine ammonia‑lyase biosynthetic;;386891;;A>C",0,8.7,5.4,0,0,2,14.1,"386891","A>C"
"Q225P(CAG>CCG)::PA14_RS12840>::NAD(P)/FAD‑dependent oxidoreductase;;2726674;;A>C",0,9.4,6.9,8.1,6.3,4,30.7,"2726674","A>C"
"Q238P(CAG>CCG)::PA14_RS12105>::short‑chain dehydrogenase;;2570324;;A>C",0,8.8,6.2,7.6,0,3,22.6,"2570324","A>C"
"Q240K(CAA>AAA)::PA14_RS07715>::ATP‑dependent helicase;;1662984;;C>A",0,0,6.3,0,6.8,2,13.1,"1662984","C>A"
"Q24P(CAG>CCG)::tsaA<::tRNA (N6‑threonylcarbamoyladenosine(37)‑N6)‑methyltransferase TrmO;;1746092;;T>G",0,0,9.4,0,9.8,2,19.2,"1746092","T>G"
"Q253P(CAG>CCG)::PA14_RS29860<::ParA family protein;;6529141;;T>G",0,7.3,5.5,5.6,7.2,4,25.6,"6529141","T>G"
"Q271P(CAG>CCG)::PA14_RS20755<::nitronate monooxygenase;;4539238;;T>G",0,10.1,10.4,8.2,9.5,4,38.2,"4539238","T>G"
"Q277P(CAG>CCG)::PA14_RS13175>::kinase;;2807687;;A>C",0,15.2,13.3,13.9,13.8,4,56.2,"2807687","A>C"
"Q288P(CAG>CCG)::PA14_RS18120>::acetoin dehydrogenase;;3968520;;A>C",0,8,0,0,9.2,2,17.2,"3968520","A>C"
"Q28H(CAG>CAC)‡::PA14_RS00900<::methyl‑accepting chemotaxis protein;;200416;;C>G",0,9.8,11.2,0,0,2,21,"200416","C>G"
"Q318K(CAA>AAA)::PA14_RS06690>::phosphoenolpyruvate carboxylase;;1428577;;C>A",0,0,0,5.4,5.3,2,10.7,"1428577","C>A"
"Q319P(CAG>CCG)::PA14_RS09360>::ribosomal large subunit pseudouridine synthase B;;2004641;;A>C",0,9.6,0,0,9.9,2,19.5,"2004641","A>C"
"Q332P(CAG>CCG)::PA14_RS06690>::phosphoenolpyruvate carboxylase;;1428620;;A>C",0,7.5,7.8,14,0,3,29.3,"1428620","A>C"
"Q37P(CAG>CCG)::bioF>::8‑amino‑7‑oxononanoate synthase;;570890;;A>C",0,8.5,0,0,8.8,2,17.3,"570890","A>C"
"Q384P(CAG>CCG)::PA14_RS15240<::MFS transporter;;3332214;;T>G",0,7.3,10,9.1,9.1,4,35.5,"3332214","T>G"
"Q448H(CAA>CAT)::PA14_RS24030>::hypothetical protein;;5248297;;A>T",0,9.8,6.4,0,5.2,3,21.4,"5248297","A>T"
"Q487P(CAG>CCG)::PA14_RS19765<::NAD(P)/FAD‑dependent oxidoreductase;;4328822;;T>G",0,15.6,11.2,12.5,19.7,4,59,"4328822","T>G"
"Q524K(CAA>AAA)::PA14_RS27265>::class II poly(R)‑hydroxyalkanoic acid synthase;;5968319;;C>A",0,0,5.8,7.6,0,2,13.4,"5968319","C>A"
"Q57K(CAA>AAA)::PA14_RS30655<::hypothetical protein;;3848635;;G>T",0,0,5.8,0,6.8,2,12.6,"3848635","G>T"
"Q665P(CAG>CCG)::PA14_RS18145<::DNA polymerase III subunit gamma/tau;;3971601;;T>G",0,0,0,8.5,5.6,2,14.1,"3971601","T>G"
"Q693H(CAA>CAC)::PA14_RS20645<::hypothetical protein;;4516178;;T>G",0,0,9.8,0,6.9,2,16.7,"4516178","T>G"
"Q6K(CAA>AAA)::PA14_RS26360>::c‑di‑GMP‑binding multidrug transporter transcriptional regulator BrlR;;5745189;;C>A",0,0,7.1,7.7,0,2,14.8,"5745189","C>A"
"Q727P(CAG>CCG)::PA14_RS05290>::transcriptional regulator;;1132080;;A>C",0,19.6,16.3,19.2,17.4,4,72.5,"1132080","A>C"
"Q72P(CAG>CCG)::PA14_RS03855<::TolC family protein;;816095;;T>G",0,7.5,7.6,11.2,12.7,4,39,"816095","T>G"
"Q754P(CAG>CCG)::PA14_RS14235>::membrane‑bound PQQ‑dependent dehydrogenase glucose/quinate/shikimate family;;3114116;;A>C",0,0,0,7,6.8,2,13.8,"3114116","A>C"
"Q75P(CAG>CCG)::PA14_RS06000>::PepSY domain‑containing protein;;1279066;;A>C",0,0,8.1,9,0,2,17.1,"1279066","A>C"
"Q75P(CAG>CCG)::PA14_RS13685<::hypothetical protein;;2954003;;T>G",0,0,13.7,16.5,0,2,30.2,"2954003","T>G"
"Q82P(CAG>CCG)::PA14_RS04180<::TolC family protein;;891314;;T>G",0,9,0,10.4,6.4,3,25.8,"891314","T>G"
"Q85P(CAG>CCG)::PA14_RS02310<::cytosine deaminase;;505156;;T>G",0,13.3,15.4,14,13.2,4,55.9,"505156","T>G"
"Q87P(CAG>CCG)::PA14_RS18770>::nucleotidyltransferase domain‑containing protein;;4114915;;A>C",0,9.8,9.5,9.7,8.9,4,37.9,"4114915","A>C"
"Q91H(CAG>CAC)::PA14_RS14330<::N‑acetyltransferase;;3131593;;C>G",0,0,0,8,7.6,2,15.6,"3131593","C>G"
"Q9P(CAG>CCG)::PA14_RS22520<::LysR family transcriptional regulator;;4907662;;T>G",0,7.5,7.8,6.9,5.5,4,27.7,"4907662","T>G"
"R116G(CGC>GGC)::PA14_RS16155>::dienelactone hydrolase;;3553410;;C>G",0,6.5,5.8,7.8,7.7,4,27.8,"3553410","C>G"
"R121R(CGT>CGG)::PA14_RS30395<::hypothetical protein;;2703245;;A>C",0,0,9.9,14.2,0,2,24.1,"2703245","A>C"
"R125P(CGA>CCA)‡::PA14_RS16155>::dienelactone hydrolase;;3553438;;G>C",0,0,6.3,9.7,0,2,16,"3553438","G>C"
"R125R(CGA>CGC)::PA14_RS11305<::HAD family phosphatase;;2414958;;T>G",0,14.8,17.7,20.1,20.6,4,73.2,"2414958","T>G"
"R125R(CGA>CGC)::PA14_RS16155>::dienelactone hydrolase;;3553439;;A>C",0,5.9,0,0,6.8,2,12.7,"3553439","A>C"
"R125R(CGA>CGC)‡::PA14_RS16155>::dienelactone hydrolase;;3553439;;A>C",0,0,7.3,12.2,0,2,19.5,"3553439","A>C"
"R138R(CGT>CGG)::PA14_RS25155<::MFS transporter;;5493787;;A>C",0,17.1,11.2,13.3,8.3,4,49.9,"5493787","A>C"
"R139G(CGG>GGG)::PA14_RS25155<::MFS transporter;;5493786;;G>C",0,16.8,13.6,0,8.9,3,39.3,"5493786","G>C"
"R186G(CGT>GGT)::PA14_RS23685<::metalloprotease TldD;;5166933;;G>C",0,0,7,14.3,8.2,3,29.5,"5166933","G>C"
"R192R(AGG>CGG)::PA14_RS07925<::FAD‑dependent oxidoreductase;;1704926;;T>G",0,8.1,7.5,9,7.1,4,31.7,"1704926","T>G"
"R198R(CGA>CGC)::PA14_RS23685<::metalloprotease TldD;;5166895;;T>G",0,0,6.2,0,6.1,2,12.3,"5166895","T>G"
"R249R(CGT>CGG)::PA14_RS01030>::triphosphoribosyl‑dephospho‑CoA synthase;;229793;;T>G",0,0,9.3,10.8,0,2,20.1,"229793","T>G"
"R24P(CGC>CCC)::PA14_RS31030>::hypothetical protein;;5910265;;G>C",0,13.6,0,0,10.6,2,24.2,"5910265","G>C"
"R252R(CGA>CGC)::PA14_RS26485<::MFS transporter;;5773323;;T>G",0,0,6.8,8.7,5.9,3,21.4,"5773323","T>G"
"R296G(CGT>GGT)::PA14_RS28800>::4‑hydroxybenzoate octaprenyltransferase;;6299109;;C>G",0,0,8.2,11.9,9.9,3,30,"6299109","C>G"
"R298L(CGC>CTC)::pcaQ>::pca operon transcription factor PcaQ;;173464;;G>T",0,6.5,5.5,0,0,2,12,"173464","G>T"
"R307S(CGC>AGC)::PA14_RS11045>::winged helix‑turn‑helix domain‑containing protein;;2370064;;C>A",0,6.5,5.4,0,9,3,20.9,"2370064","C>A"
"R313R(CGT>CGG)::PA14_RS09360>::ribosomal large subunit pseudouridine synthase B;;2004624;;T>G",0,0,0,11.8,9.3,2,21.1,"2004624","T>G"
"R327P(CGC>CCC)::PA14_RS13760<::RND transporter;;2997511;;C>G",0,8.2,0,0,8,2,16.2,"2997511","C>G"
"R39G(CGC>GGC)::PA14_RS15205<::short‑chain dehydrogenase;;3325912;;G>C",0,0,7.4,9.8,0,2,17.2,"3325912","G>C"
"R42R(CGT>CGG)::PA14_RS17140<::HrpE/YscL family type III secretion apparatus protein;;3769186;;A>C",0,0,5.2,6.1,0,2,11.3,"3769186","A>C"
"R52G(CGG>GGG)::PA14_RS09180<::hypothetical protein;;1970466;;G>C",0,30.1,32.1,28.2,25.9,4,116.3,"1970466","G>C"
"R661R(CGT>CGG)::PA14_RS18145<::DNA polymerase III subunit gamma/tau;;3971612;;A>C",0,14.4,10.8,9.7,9.3,4,44.2,"3971612","A>C"
"S108R(AGC>CGC)::PA14_RS16155>::dienelactone hydrolase;;3553386;;A>C",0,14.3,11.6,18,12.7,4,56.6,"3553386","A>C"
"S110T(AGC>ACC)::PA14_RS00090<::methionyl‑tRNA formyltransferase;;20706;;C>G",0,6.4,6.4,0,0,2,12.8,"20706","C>G"
"S124R(AGC>CGC)‡::PA14_RS16155>::dienelactone hydrolase;;3553434;;A>C",0,0,7.4,13.7,7.2,3,28.3,"3553434","A>C"
"S124T(AGC>ACC)‡::PA14_RS16155>::dienelactone hydrolase;;3553435;;G>C",0,0,8.3,9.1,5.5,3,22.9,"3553435","G>C"
"S128R(AGC>CGC)::PA14_RS25420<::hypothetical protein;;5549502;;T>G",0,11.2,7.2,8.5,6.4,4,33.3,"5549502","T>G"
"S135R(AGC>CGC)::PA14_RS18995<::hypothetical protein;;4165328;;T>G",0,7.8,10.2,0,8.5,3,26.5,"4165328","T>G"
"S1491R(AGC>CGC)::PA14_RS08450<::non‑ribosomal peptide synthetase;;1812205;;T>G",0,0,7,8.7,8.4,3,24.1,"1812205","T>G"
"S155Y(TCC>TAC)::PA14_RS23175>::DUF1513 domain‑containing protein;;5066217;;C>A",0,8.7,13.1,12.3,8.7,4,42.8,"5066217","C>A"
"S15R(AGC>CGC)::PA14_RS19515>::aldehyde dehydrogenase (NADP(+));;4272359;;A>C",0,19.9,23.9,24.4,26,4,94.2,"4272359","A>C"
"S170R(AGC>CGC)::PA14_RS10935>::lytic transglycosylase F;;2351469;;A>C",0,14.2,7.1,13.1,14,4,48.4,"2351469","A>C"
"S173R(AGC>CGC)::PA14_RS23685<::metalloprotease TldD;;5166972;;T>G",0,13.8,9.5,15.5,11.7,4,50.5,"5166972","T>G"
"S1808T(AGC>ACC)::PA14_RS25000<::hypothetical protein;;5459432;;C>G",0,6.7,0,8.6,6.6,3,21.9,"5459432","C>G"
"S195R(AGC>CGC)::PA14_RS06800<::LysE family translocator;;1453346;;T>G",0,7.5,7.5,8,0,3,23,"1453346","T>G"
"S201R(AGC>CGC)::PA14_RS09095<::LysR family transcriptional regulator;;1955953;;T>G",0,13.1,0,0,14.8,2,27.9,"1955953","T>G"
"S203R(AGC>CGC)::PA14_RS20570<::EamA/RhaT family transporter;;4501394;;T>G",0,11.5,6,8.3,10.1,4,35.9,"4501394","T>G"
"S204A(TCG>GCG)::PA14_RS26475<::benzoylformate decarboxylase;;5771135;;A>C",0,0,7.8,10.9,9.5,3,28.2,"5771135","A>C"
"S208R(AGC>CGC)::PA14_RS18320>::transporter;;4019741;;A>C",0,17.8,13.6,18.2,11.7,4,61.3,"4019741","A>C"
"S211R(AGC>CGC)::PA14_RS07305>::LysR family transcriptional regulator;;1561034;;A>C",0,5.9,0,6.8,0,2,12.7,"1561034","A>C"
"S214R(AGC>CGC)::PA14_RS01695>::hypothetical protein;;372954;;A>C",0,8.6,7.2,0,5.6,3,21.4,"372954","A>C"
"S221R(AGC>CGC)::PA14_RS18320>::transporter;;4019780;;A>C",0,37.3,35.4,42.3,36.5,4,151.5,"4019780","A>C"
"S221R(AGC>CGC)::PA14_RS25505>::PhzF family phenazine biosynthesis protein;;5567761;;A>C",0,8.8,7.6,0,8.2,3,24.6,"5567761","A>C"
"S231R(AGC>CGC)::PA14_RS26485<::MFS transporter;;5773388;;T>G",0,0,12.1,13.4,9.4,3,34.9,"5773388","T>G"
"S244W(TCG>TGG)::PA14_RS07930<::transcriptional regulator;;1705603;;G>C",0,8.9,6.4,0,0,2,15.3,"1705603","G>C"
"S245A(TCG>GCG)::PA14_RS07930<::transcriptional regulator;;1705601;;A>C",0,8.1,8.3,0,0,2,16.4,"1705601","A>C"
"S262A(TCG>GCG)::PA14_RS18370>::glycerol kinase;;4030948;;T>G",0,14.9,13.5,14.3,14.9,4,57.6,"4030948","T>G"
"S286R(AGC>CGC)::PA14_RS18120>::acetoin dehydrogenase;;3968513;;A>C",0,0,0,6.4,7.5,2,13.9,"3968513","A>C"
"S286Y(TCC>TAC)::PA14_RS27360<::amino acid ABC transporter permease;;5983694;;G>T",0,9.1,9.1,0,8.2,3,26.4,"5983694","G>T"
"S316R(AGC>CGC)::PA14_RS00375<::serine/threonine protein kinase;;86798;;T>G",0,12.8,14.9,14.9,17,4,59.6,"86798","T>G"
"S321R(AGC>CGC)::PA14_RS09360>::ribosomal large subunit pseudouridine synthase B;;2004646;;A>C",0,14.2,11.5,12.3,11.1,4,49.1,"2004646","A>C"
"S355*(TCG>TAG)::PA14_RS29695>::MFS dicarboxylate transporter;;6497475;;C>A",0,7,10.2,0,0,2,17.2,"6497475","C>A"
"S36Y(TCC>TAC)::PA14_RS01075<::transcriptional regulator;;236913;;G>T",0,0,6.5,5.6,9.8,3,21.9,"236913","G>T"
"S393R(AGC>CGC)::PA14_RS14255<::hypothetical protein;;3117930;;T>G",0,0,5.9,0,7.2,2,13.1,"3117930","T>G"
"S399R(AGC>CGC)::PA14_RS04375<::alcohol dehydrogenase;;939237;;T>G",0,0,8.9,8.3,0,2,17.2,"939237","T>G"
"S445R(AGC>AGA)‡::PA14_RS24030>::hypothetical protein;;5248288;;C>A",0,5.7,0,5.4,0,2,11.1,"5248288","C>A"
"S445T(AGC>ACC)‡::PA14_RS24030>::hypothetical protein;;5248287;;G>C",0,7.3,0,6.8,0,2,14.1,"5248287","G>C"
"S493S(TCG>TCC)::PA14_RS24030>::hypothetical protein;;5248432;;G>C",0,10.4,9.1,7.4,5.9,4,32.8,"5248432","G>C"
"S49R(AGC>CGC)::PA14_RS17970>::glutamine synthetase;;3936129;;A>C",0,6.4,5.9,6.8,8.5,4,27.6,"3936129","A>C"
"S508R(AGC>CGC)::PA14_RS04785>::sigma‑54‑dependent Fis family transcriptional regulator;;1025838;;A>C",0,12.2,10.7,11.9,12,4,46.8,"1025838","A>C"
"S577I(AGC>ATC)::PA14_RS00485>::type VI secretion system tip protein VgrG;;115010;;G>T",0,9.8,14.1,0,9.8,3,33.7,"115010","G>T"
"S57A(TCG>GCG)::PA14_RS24790>::hypothetical protein;;5408451;;T>G",0,8.5,6.5,0,0,2,15,"5408451","T>G"
"S593I(AGC>ATC)::PA14_RS00485>::type VI secretion system tip protein VgrG;;115058;;G>T",0,15.1,9.3,17.7,7.1,4,49.2,"115058","G>T"
"S62A(TCG>GCG)::PA14_RS02295>::TonB‑dependent siderophore receptor;;499898;;T>G",0,8,0,11.7,0,2,19.7,"499898","T>G"
"S662R(AGC>CGC)::PA14_RS00900<::methyl‑accepting chemotaxis protein;;198516;;T>G",0,6.5,8.8,7.6,10.8,4,33.7,"198516","T>G"
"S696R(AGC>CGC)::PA14_RS20645<::hypothetical protein;;4516171;;T>G",0,0,7.7,7.9,0,2,15.6,"4516171","T>G"
"S70R(AGC>CGC)::PA14_RS29035>::electron transfer flavoprotein subunit alpha/FixB family protein;;6353246;;A>C",0,0,0,6.8,6.8,2,13.6,"6353246","A>C"
"S788R(AGC>CGC)::gspD<::type II secretion system protein GspD;;4934994;;T>G",0,0,0,9.8,7.4,2,17.2,"4934994","T>G"
"S91W(TCG>TGG)::PA14_RS26545>::methyl‑accepting chemotaxis protein;;5786366;;C>G",0,0,0,5.4,5.6,2,11,"5786366","C>G"
"T138P(ACC>CCC)::PA14_RS19465<::XRE family transcriptional regulator;;4262447;;T>G",0,12.4,11.6,12.1,12.6,4,48.7,"4262447","T>G"
"T189P(ACG>CCG)‡::PA14_RS14885>::glycogen synthase GlgA;;3254071;;A>C",0,8.8,9.1,10.5,10.8,4,39.2,"3254071","A>C"
"T189T(ACG>ACC)‡::PA14_RS14885>::glycogen synthase GlgA;;3254073;;G>C",0,6.3,6.9,7,5.9,4,26.1,"3254073","G>C"
"T194P(ACC>CCC)::PA14_RS16130>::iron dicitrate transporter FecR;;3547485;;A>C",0,17.3,18.4,20.5,21.3,4,77.5,"3547485","A>C"
"T19P(ACC>CCC)::PA14_RS13265>::LLM class flavin‑dependent oxidoreductase;;2824849;;A>C",0,0,0,6.4,5.6,2,12,"2824849","A>C"
"T213P(ACC>CCC)::PA14_RS07305>::LysR family transcriptional regulator;;1561040;;A>C",0,9.7,9.1,0,11.2,3,30,"1561040","A>C"
"T218P(ACC>CCC)::PA14_RS01695>::hypothetical protein;;372966;;A>C",0,0,0,7.1,7,2,14.1,"372966","A>C"
"T250T(ACT>ACA)::PA14_RS16325<::Ig‑like domain repeat protein;;3595965;;A>T",0,0,6,9.6,0,2,15.6,"3595965","A>T"
"T27P(ACG>CCG)::PA14_RS19555<::hypothetical protein;;4285101;;T>G",0,0,8.1,16.8,0,2,24.9,"4285101","T>G"
"T31P(ACC>CCC)::PA14_RS00900<::methyl‑accepting chemotaxis protein;;200409;;T>G",0,17.6,16.2,20,13.1,4,66.9,"200409","T>G"
"T326P(ACC>CCC)::prpF>::2‑methylaconitate cis‑trans isomerase PrpF;;4788232;;A>C",0,0,0,13.4,9.4,2,22.8,"4788232","A>C"
"T481T(ACT>ACA)::PA14_RS24030>::hypothetical protein;;5248396;;T>A",0,6.8,0,7.5,0,2,14.3,"5248396","T>A"
"T499T(ACC>ACA)::PA14_RS24030>::hypothetical protein;;5248450;;C>A",0,9.7,7.9,6.6,0,3,24.2,"5248450","C>A"
"V1026V(GTC>GTG)::PA14_RS25000<::hypothetical protein;;5461777;;G>C",0,9.9,12.3,12.8,9.8,4,44.8,"5461777","G>C"
"V1038G(GTC>GGC)::PA14_RS04340>::ATPase;;930863;;T>G",0,0,6.4,12.2,0,2,18.6,"930863","T>G"
"V10G(GTC>GGC)::PA14_RS26295>::L‑methionine sulfoximine N‑acetyltransferase;;5734610;;T>G",0,10.6,13.1,11.4,12.8,4,47.9,"5734610","T>G"
"V113G(GTC>GGC)‡::PA14_RS16155>::dienelactone hydrolase;;3553402;;T>G",0,0,0,11.9,8.2,2,20.1,"3553402","T>G"
"V113V(GTC>GTG)‡::PA14_RS16155>::dienelactone hydrolase;;3553403;;C>G",0,0,0,10.6,6,2,16.6,"3553403","C>G"
"V115G(GTG>GGG)::PA14_RS16155>::dienelactone hydrolase;;3553408;;T>G",0,7.4,9.1,13.9,9.9,4,40.3,"3553408","T>G"
"V142G(GTG>GGG)::PA14_RS08850<::ABC transporter ATP‑binding protein;;1906639;;A>C",0,7.2,8.2,0,8.6,3,24,"1906639","A>C"
"V17G(GTG>GGG)::PA14_RS13265>::LLM class flavin‑dependent oxidoreductase;;2824844;;T>G",0,0,6.3,7.8,5.8,3,19.9,"2824844","T>G"
"V187G(GTG>GGG)::PA14_RS14885>::glycogen synthase GlgA;;3254066;;T>G",0,9.6,12.5,11.4,11.4,4,44.9,"3254066","T>G"
"V196G(GTC>GGC)::PA14_RS16130>::iron dicitrate transporter FecR;;3547492;;T>G",0,22.1,17.9,23.7,29.1,4,92.8,"3547492","T>G"
"V218G(GTG>GGG)::PA14_RS10725<::bifunctional cobalt‑precorrin‑7 (C(5))‑methyltransferase/cobalt‑precorrin‑6B (C(15))‑methyltransferase;;2307183;;A>C",0,0,8.1,0,8.7,2,16.8,"2307183","A>C"
"V223G(GTC>GGC)::PA14_RS06615>::diguanylate cyclase response regulator;;1413825;;T>G",0,0,6,6.7,8.3,3,21,"1413825","T>G"
"V22G(GTC>GGC)::guaD>::guanine deaminase;;3990335;;T>G",0,7.3,7,7,5.9,4,27.2,"3990335","T>G"
"V235G(GTC>GGC)::PA14_RS12105>::short‑chain dehydrogenase;;2570315;;T>G",0,8.3,6.5,6.7,6.2,4,27.7,"2570315","T>G"
"V28G(GTC>GGC)::PA14_RS17935<::DUF1287 domain‑containing protein;;3929360;;A>C",0,9,9.8,0,7.9,3,26.7,"3929360","A>C"
"V29F(GTC>TTC)‡::PA14_RS00795>::efflux RND transporter periplasmic adaptor subunit;;176251;;G>T",0,0,6.4,8.9,0,2,15.3,"176251","G>T"
"V29V(GTC>GTG)‡::PA14_RS00795>::efflux RND transporter periplasmic adaptor subunit;;176253;;C>G",0,0,7.6,9.1,0,2,16.7,"176253","C>G"
"V33G(GTC>GGC)::PA14_RS00900<::methyl‑accepting chemotaxis protein;;200402;;A>C",0,27.3,25.2,27,23.3,4,102.8,"200402","A>C"
"V36G(GTG>GGG)::PA14_RS14050>::acyl‑CoA dehydrogenase;;3065505;;T>G",0,6.4,5.2,9.5,0,3,21.1,"3065505","T>G"
"V40G(GTC>GGC)::arcD>::arginine‑ornithine antiporter;;6093204;;T>G",0,0,7.9,0,7.2,2,15.1,"6093204","T>G"
"V480L(GTG>TTG)‡::PA14_RS24030>::hypothetical protein;;5248391;;G>T",0,6.4,0,7.4,0,2,13.8,"5248391","G>T"
"V480V(GTG>GTC)‡::PA14_RS24030>::hypothetical protein;;5248393;;G>C",0,8.5,0,7.6,0,2,16.1,"5248393","G>C"
"V500V(GTT>GTA)::PA14_RS24030>::hypothetical protein;;5248453;;T>A",0,9.3,9.3,9,6.9,4,34.5,"5248453","T>A"
"V535V(GTC>GTG)::PA14_RS11730>::RecQ family ATP‑dependent DNA helicase;;2482013;;C>G",0,0,6.4,0,5.3,2,11.7,"2482013","C>G"
"V543V(GTA>GTT)::PA14_RS02180>::chemotaxis protein;;467496;;A>T",0,0,0,6.9,6.3,2,13.2,"467496","A>T"
"V57G(GTC>GGC)::PA14_RS24680<::glutamate 5‑kinase;;5386894;;A>C",0,9,7.4,12.5,0,3,28.9,"5386894","A>C"
"V658G(GTC>GGC)::PA14_RS26870<::CoA‑binding protein;;5860810;;A>C",0,0,0,7.9,7.4,2,15.3,"5860810","A>C"
"V78V(GTC>GTG)‡::PA14_RS04145<::alpha‑ketoacid dehydrogenase subunit beta;;883045;;G>C",0,0,0,9.4,7.6,2,17,"883045","G>C"
"V844G(GTC>GGC)::PA14_RS09865>::autotransporter;;2120306;;T>G",0,10.4,6.7,0,10.1,3,27.2,"2120306","T>G"
"V92G(GTC>GGC)::PA14_RS13305>::cytochrome P450;;2833513;;T>G",0,0,5.7,9.8,6,3,21.5,"2833513","T>G"
"W142G(TGG>GGG)::PA14_RS16400<::class I SAM‑dependent methyltransferase;;3612968;;A>C",0,0,0,5.2,5.6,2,10.8,"3612968","A>C"
"W203G(TGG>GGG)::PA14_RS00190>::LysR family transcriptional regulator;;39829;;T>G",0,20.8,16.6,22.3,19.2,4,78.9,"39829","T>G"
"W206G(TGG>GGG)::PA14_RS00190>::LysR family transcriptional regulator;;39838;;T>G",0,15.7,13.2,15.9,13.8,4,58.6,"39838","T>G"
"W213G(TGG>GGG)::PA14_RS18320>::transporter;;4019756;;T>G",0,23.2,23.3,24.4,20.5,4,91.4,"4019756","T>G"
"W258L(TGG>TTG)::PA14_RS06155<::DUF3330 domain‑containing protein;;1307318;;C>A",0,0,5.8,7,0,2,12.8,"1307318","C>A"
"W275G(TGG>GGG)::PA14_RS13175>::kinase;;2807680;;T>G",0,9.2,9.8,0,11.7,3,30.7,"2807680","T>G"
"W287G(TGG>GGG)::PA14_RS21685>::serine/threonine dehydratase;;4721986;;T>G",0,12.1,15.5,12.1,10.2,4,49.9,"4721986","T>G"
"W291L(TGG>TTG)::PA14_RS04000<::LysR family transcriptional regulator;;851965;;C>A",0,0,0,6,6.4,2,12.4,"851965","C>A"
"W29G(TGG>GGG)::PA14_RS05780<::DNA polymerase III subunit chi;;1235278;;A>C",0,11.6,11.6,13,11.9,4,48.1,"1235278","A>C"
"W32G(TGG>GGG)::PA14_RS25875>::3‑oxoacyl‑ACP reductase;;5645985;;T>G",0,0,5,0,5.1,2,10.1,"5645985","T>G"
"W380G(TGG>GGG)::PA14_RS15240<::MFS transporter;;3332227;;A>C",0,8.8,6.9,10.7,6.5,4,32.9,"3332227","A>C"
"W67G(TGG>GGG)::bioF>::8‑amino‑7‑oxononanoate synthase;;570979;;T>G",0,13.5,13.5,15.4,16.6,4,59,"570979","T>G"
"W899G(TGG>GGG)::PA14_RS20415<::glycosyl transferase family 1;;4469621;;A>C",0,0,0,6.9,5.1,2,12,"4469621","A>C"
"Y123*(TAC>TAA)‡::PA14_RS25420<::hypothetical protein;;5549515;;G>T",0,0,7.1,5,0,2,12.1,"5549515","G>T"
"Y123N(TAC>AAC)‡::PA14_RS25420<::hypothetical protein;;5549517;;A>T",0,0,5.5,5.1,0,2,10.6,"5549517","A>T"
"Y1546Y(TAT>TAC)::PA14_RS25000<::hypothetical protein;;5460217;;A>G",0,7.9,8.9,10,7.9,4,34.7,"5460217","A>G"
"Y216N(TAC>AAC)::PA14_RS06615>::diguanylate cyclase response regulator;;1413803;;T>A",0,0,0,5.6,6.2,2,11.8,"1413803","T>A"
"Y532N(TAC>AAC)::parC<::DNA topoisomerase 4 subunit A;;5844283;;A>T",0,8,0,0,7.5,2,15.5,"5844283","A>T"
"Y65N(TAC>AAC)::PA14_RS15115<::LysR family transcriptional regulator;;3308032;;A>T",0,5.1,0,0,5.5,2,10.6,"3308032","A>T"
